agency_cd,site_no,station_nm,site_tp_cd,lat_va,long_va,dec_lat_va,dec_long_va,coord_meth_cd,coord_acy_cd,coord_datum_cd,dec_coord_datum_cd,district_cd,state_cd,county_cd,country_cd,land_net_ds,map_nm,map_scale_fc,alt_va,alt_meth_cd,alt_acy_va,alt_datum_cd,huc_cd,basin_cd,topo_cd,instruments_cd,construction_dt,inventory_dt,drain_area_va,contrib_drain_area_va,tz_cd,local_time_fg,reliability_cd,gw_file_cd,nat_aqfr_cd,aqfr_cd,aqfr_type_cd,well_depth_va,hole_depth_va,depth_src_cd,project_no
USGS,400155101521302,1N 40W 29BB2 Haigler,GW,400143.22,1015216.54,40.0286722,-101.8712611,X,C,NAD83,NAD83,31,31,57,US,  NWNWS29 T1N   R40W,"ROCK CREEK LAKE, NE",24000.0,3206.43,X,0.05,NAVD88,10250002.0,,T,NNNNNNNNNNNNNNNNNNNNNNNNNNNNNN,19740925.0,19741030.0,,,MST,Y,C,YYNYNYYN,N100HGHPLN,110SAGR,U,49.0,,R,463104100
USGS,403753096581001,8N 4E27CB 1 Crete,GW,403753.32,965809.91,40.63147778,-96.9694194,X,C,NAD83,NAD83,31,31,151,US,      S27 T08N  R04E  6,"CRETE NORTH, NE",24000.0,1354.13,X,0.08,NAVD88,10270202.0,,,NNNNNNNNNNNNNNNNNNNNNNNNNNNNNN,20150526.0,20181001.0,,,CST,Y,C,YY   Y,N100ALLUVL,,U,178.0,180.0,D,
USGS,403954099152101,8N 17W 16BCC1 Odessa,GW,403953.7,991521.18,40.66491667,-99.2558833,X,C,NAD83,NAD83,31,31,19,US,SWSWNWS16 T 8N  R17W,"ELM CREEK EAST, NE",24000.0,2209.09,X,0.11,NAVD88,10200101.0,,T,YNNNYNNNNNNNNNNNNNNNNNNNNNNNNN,19990611.0,19990611.0,,,CST,Y,C,YYNYNYNN,N100HGHPLN,110SAGR,U,30.0,30.0,S,463108400
USGS,404343099272901,9N 19W 26BABA1 Overton East,GW,404342.34,992728.44,40.72842778,-99.4579,X,C,NAD83,NAD83,31,31,47,US,NWNENWS26 T09N  R19W  6,"ELM CREEK WEST, NE",24000.0,2296.36,X,0.12,NAVD88,10200101.0,,T,YNNNYNNNNNNNNNNNNNNNNNNNNNNNNN,19990409.0,19990414.0,,,CST,Y,C,YYNYNYNN,N100HGHPLN,112SDGVD,U,33.0,35.0,S,463105500
USGS,404513098181201,9N 9W 14AAB1 Doniphan Deep,GW,404522.54,981818.24,40.7562611,-98.3050667,X,C,NAD83,NAD83,31,31,79,US,NWNENES14 T09N  R09W,"DONIPHAN, NE",24000.0,1915.16,X,0.12,NAVD88,10270203.0,,F,NNNNYNNNNNNNNNNNYNNNNNNNNNNNNN,1967.0,19761012.0,,,CST,Y,C,YYNYNYYN,N100HGHPLN,112SDGVD,U,150.0,,D,463104100
USGS,404513098181202,9N 9W14AAB 2 Doniphan Shallow,GW,404522.54,981818.24,40.7562611,-98.3050667,X,C,NAD83,NAD83,31,31,79,US,NWNENES14 T09N  R09W,"DONIPHAN, NE",24000.0,1914.99,X,0.12,NAVD88,10270203.0,,,YNNNYNNNNNNNNNNNNNNNNNNNNNNNNN,19860925.0,19861023.0,,,CST,Y,C,YYYYNYYN,N100HGHPLN,112SDGVD,U,79.0,80.0,L,463100200
USGS,404618098504401,9N 14W 1DC  1  GIBBON,GW,404618.76,985044.1,40.77187778,-98.8455833,X,C,NAD83,NAD83,31,31,19,US,  SWSES01 T09N  R14W,,,2061.05,X,0.06,NAVD88,10200102.0,,,YNNNYNNNNNNNNNNNNNNNNNNNNNNNNN,19460726.0,19460726.0,,,CST,Y,C,YYNYNYYN,N100HGHPLN,112SDGVD,U,38.0,,R,463104100
USGS,404717099460501,10N 22W 36DDDA1 Lexington Airport,GW,404715.44,994604.92,40.7876222,-99.7680333,X,C,NAD83,NAD83,31,31,47,US,SESESES36 T10N  R22W,"LEXINGTON WEST, NE",24000.0,2403.06,X,0.05,NAVD88,10200101.0,,,NNNNNNNNNNNNNNNNNNNNNNNNNNNNNN,19860925.0,19861021.0,,,CST,Y,C,YYNYNYYN,N100HGHPLN,112SDGVD,U,19.5,20.0,L,463100200
USGS,404804096403301,10N  7E30CDBD1  DAKOTA (M90-102R),GW,404803.83,964034.64,40.80106389,-96.6762889,X,C,NAD83,NAD83,31,31,109,US,NWSESWS30 T10N  R7E,"LINCOLN, NE",24000.0,1179.07,X,0.07,NAVD88,10200203.0,,,YNYNNNNNNNNNNNNNNNNNNNNNNNNNNN,19900724.0,19900920.0,,,CST,Y,C,YYNYNYNN,N300LCRTCS,211DKOT,U,155.0,214.0,R,463100200
USGS,404949099445701,10N 21W 18DDD Lexington,GW,404948.56,994459.56,40.83015556,-99.7498778,X,C,NAD83,NAD83,31,31,47,US,SESESES18 T10N  R21W,"LEXINGTON EAST, NE",24000.0,2421.92,X,0.11,NAVD88,10200101.0,,,NNNNNNNNNNNNNNNNNNNNNNNNNNNNNN,1964.0,,,,CST,Y,C,YYNYNYYN,N100HGHPLN,112SDGVD,U,120.0,,R,463104100
USGS,405014099591001,10N 23W 18CADA1 Cozad,GW,405014.14,995910.24,40.8372611,-99.9861778,X,C,NAD83,NAD83,31,31,47,US,SENESWS18 T10N  R23W,"COZAD, NE",24000.0,2486.12,X,0.11,NAVD88,10200101.0,,G,NNNNNNNNNNNNNNNNNNNNNNNNNNNNNN,19990610.0,19990610.0,,,CST,Y,C,YYNYNYNN,N100HGHPLN,112SDGVD,U,20.0,20.0,S,463108400
USGS,405040098384503,10N 12W11CCCC3 Site5-55,GW,405039.79,983844.27,40.8443861,-98.6456306,X,C,NAD83,NAD83,31,31,79,US,SWSWSWS11 T10N  R12W,Shelton,24000.0,1988.66,X,0.07,NAVD88,10200103.0,,T,YNNYNNNNNNNNNNNNNNNNNNNNNNNNNN,20090413.0,20090413.0,,,CST,Y,C,YY   Y,N100HGHPLN,111ALVM,U,55.0,55.0,S,8626D5700
USGS,405118099514901,10N 22W 8BCBB1-Site7-20,GW,405118.59,995149.07,40.85516389,-99.8636306,X,C,NAD83,NAD83,31,31,47,US,NWSWNWS08 T10N  R22W  6,Lexington West,24000.0,2464.27,X,0.11,NAVD88,10200101.0,,T,YNNYNNNNNNNNNYNNNNNNNNNNNNNNNN,20100329.0,20100329.0,,,CST,Y,C,YY   Y,N100HGHPLN,112SDGVD,U,20.0,20.0,S,
USGS,405129099090201,10N 16W 8BAAA Riverdale Shallow,GW,405128.95,990910.2,40.85804167,-99.1528333,X,C,NAD83,NAD83,31,31,19,US,NENENWS08 T10N  R16W,"RIVERDALE, NE",24000.0,2262.69,X,0.12,NAVD88,10200102.0,,,NNNNNNNNNNNNNNNNNNNNNNNNNNNNNN,19860926.0,19861022.0,,,CST,Y,C,YYNYNYYN,N100HGHPLN,121OGLL,U,150.0,150.0,L,463100200
USGS,405137099085201,10N 16W 8BAAA Riverdale Deep,GW,405128.95,990910.2,40.85804167,-99.1528333,X,C,NAD83,NAD83,31,31,19,US,SESESWS05 T10N  R16W  6,"RIVERDALE, NE",24000.0,2263.0,X,0.12,NAVD88,10200102.0,,S,YNNNYNNNNNNNNNNNNNNNNNNNNNNNNN,19681022.0,19681022.0,,,CST,Y,C,YYNYNYYN,N100HGHPLN,121OGLL,U,240.0,,S,463104100
USGS,405227098165601,11N 8W31CCCA1 Grand Island,GW,405226.82,981655.89,40.87411667,-98.2821917,X,C,NAD83,NAD83,31,31,121,US,SWSWSWS31 T11N  R 8W,DONIPHAN,24000.0,1842.61,X,0.07,NAVD88,10200101.0,,G,NNNNYNNNNNNNNNNNNNNNNNNNNNNNNN,19990611.0,19990611.0,,,CST,Y,C,YYNYNYNN,N100HGHPLN,112SDGVD,U,30.0,30.0,S,463108400
USGS,405315098304302,11N 11W 25CC2 Alda,GW,405316.8,983042.95,40.888,-98.5119306,X,C,NAD83,NAD83,31,31,79,US,  SWSWS25 T11N  R11W,SHELTON,24000.0,1923.4,X,0.12,NAVD88,10200103.0,,V,YNNNYNNNNNNNNNNNNNNNNNNNNNNNNN,19761005.0,19761005.0,,,CST,Y,C,YYNNNYYN,N100HGHPLN,112SDGVD,U,65.0,,R,463104100
USGS,405435098432601,11N 13W24ACCD1 Site4-95,GW,405434.81,984326.06,40.90966944,-98.7239056,X,C,NAD83,NAD83,31,31,19,US,SESENES24 T11N  R13W,CAMERON,24000.0,2055.83,X,0.11,NAVD88,10200103.0,,W,YNNYNNNNNNNNNYNNNNNNNNNNNNNNNN,20090418.0,20090420.0,,,CST,Y,C,YY   Y,N100HGHPLN,121OGLL,C,95.0,95.0,S,8626D5700
USGS,405445100074001,11N 25W24BCB 1  GOTHENBURG,GW,405443.94,1000742.5,40.91220556,-100.1284722,X,C,NAD83,NAD83,31,31,47,US,NWSWNWS24 T11N  R25W,GOTHENBURG,24000.0,2547.44,X,0.06,NAVD88,10200101.0,,,YNNNYNNNNNNNNNNNNNNNNNNNNNNNNN,19880623.0,19880624.0,,,CST,Y,C,YYYYNYYN,N100HGHPLN,112SDGVD,U,23.0,,S,463100200
USGS,405503098441801,11N 13W13CCCD1 Site3-170,GW,405502.06,984418.12,40.91723889,-98.7383667,X,C,NAD83,NAD83,31,31,19,US,SESWSWS13 T11N  R13W,CAMERON,24000.0,2127.8,X,0.11,NAVD88,10200103.0,,F,NNNNNNNNNNNNNNNNNNNNNNNNNNNNNN,20090421.0,20090421.0,,,CST,Y,C,Y    Y,N100HGHPLN,121OGLL,C,170.0,170.0,S,8626D5700
USGS,405503098441802,11N 13W13CCCD2-Site3-193,GW,405502.7,984418.2,40.91741667,-98.7383889,G,1,NAD83,NAD83,31,31,19,US,SESWSWS13 T11N  R13W,CAMERON,24000.0,2122.0,M,5.0,NGVD29,10200103.0,,F,YNNNYNNNNNNNNNNNNNNNNNNNNNNNNN,20090420.0,20090421.0,,,CST,Y,C,YY   Y,N100HGHPLN,121OGLL,C,193.0,195.0,S,8626D5700
USGS,405632098373501,11N 12W12BCB 1  CAMERON,GW,405631.28,983736.61,40.9420222,-98.6268361,X,C,NAD83,NAD83,31,31,79,US,NWSWNWS12 T11N  R12W,"CAMERON, NE",24000.0,1951.83,X,0.05,NAVD88,10200103.0,,,YNNNYNNNNNNNNYNNYNNNNNNNNNNNNN,19780831.0,19780831.0,,,CST,Y,C,YYNYNYNN,N100HGHPLN,112SDGVD,U,124.0,,S,463100200
USGS,405738099504501,11N 22W 4BBBB1 Site8-59,GW,405738.21,995044.46,40.96061389,-99.8456833,X,C,NAD83,NAD83,31,31,47,US,NWNWNWS04 T11N  R22W  6,Buffalo,24000.0,2556.37,X,0.11,NAVD88,10200101.0,,S,YNYNNNNNNNNNNYNNNNNNNNNNNNNNNN,20100406.0,20100406.0,,,CST,Y,C,YY   Y,N100HGHPLN,110QRNR,C,59.0,60.0,S,
USGS,405855098383001,12N 12W26CBAA1 Site2-170,GW,405855.33,983830.36,40.9820361,-98.6417667,X,C,NAD83,NAD83,31,31,79,US,NENWSWS26 T12N  R12W,Cameron,24000.0,2027.6,X,0.07,NAVD88,10200103.0,,F,YNYNNNNNNNNNNNNNNNNNNNNNNNNNNN,20081020.0,20081028.0,,,CST,Y,C,YY   Y,N100HGHPLN,121OGLL,C,170.0,171.0,S,8626D5700
USGS,405855100073901,12N 25W25CBBB1-Site6-75,GW,405854.67,1000738.6,40.98185278,-100.1273889,X,C,NAD83,NAD83,31,31,47,US,NWNWSWS25 T12N  R25W  6,Gothenburg,24000.0,2636.11,X,0.11,NAVD88,10200101.0,,H,YNNYNNNNNNNNNYNNNNNNNNNNNNNNNN,20100402.0,20100402.0,,,CST,Y,C,YY   Y,N100HGHPLN,110QRNR,U,75.0,76.0,S,
USGS,410102098374201,12N 12W11DDDD1 Site1-84,GW,410102.64,983741.56,41.0174,-98.6282111,X,C,NAD83,NAD83,31,31,79,US,SESESES11 T12N  R12W  6,Boelus,24000.0,1993.6,X,0.07,NAVD88,10200103.0,,S,YNYNNNNNNNNNNNNNYNNNNNNNNNNNNN,20080403.0,20080408.0,,,CST,Y,C,YY Y Y,N100HGHPLN,110SAGR,U,84.0,84.0,S,8626D5700
USGS,410154099394701,12N 21W 12 BAAA1  EDDYVILLE,GW,410154.32,993948.45,41.03175556,-99.6634583,X,C,NAD83,NAD83,31,31,47,US,NENENWS12 T12N  R21W,EDDYVILLE SW,24000.0,2467.01,X,0.06,NAVD88,10200102.0,,,YNNNYNNNNNNNNYNNYNNNNNNNNNNNNN,19890713.0,19890713.0,,,CST,Y,C,YYNNNYYN,N100HGHPLN,112SDGVD,C,98.0,,R,463104800
USGS,410156098442601,T12N TR13W S12BBBB1 Saint Michael,GW,410156.38,984425.64,41.03232778,-98.7404556,X,C,NAD83,NAD83,31,31,19,US,      S12 T12N  R13W  6,"BOELUS, NE",24000.0,1931.91,X,0.07,NAVD88,10210004.0,,G,YNNNYNNNNNNNNNNNNNNNNNNNNNNNNN,20140924.0,20140929.0,,,CST,Y,U,YY   Y,N100HGHPLN,110QRNR,U,23.0,24.0,S,2200
USGS,410159096181001, 12N 10E 4CDAA1 M90-34R,GW,410159.0,961810.0,41.033054,-96.3030693,M,S,NAD27,NAD83,31,31,153,US,NESESWS04NT12N  R10E,ASHLAND EAST,24000.0,1052.0,M,10.0,NGVD29,10200202.0,,C,NNYNNNNNNNNNNNNNYNNNNNNNNNNNNN,19831006.0,19940120.0,,,CST,Y,C,YYNNNYNN,N100ALLUVL,110SAGR,U,80.0,80.0,D,463100301
USGS,410248099164701,12N 17W 5ABAA1 Milton,GW,410248.28,991646.91,41.04674444,-99.2796972,X,C,NAD83,NAD83,31,31,19,US,      S05 T12N  R17W  6,"MASON CITY SE, NE",24000.0,2292.69,X,0.06,NAVD88,,,H,YNNNYNNNNNNNNNNNYNNNNNNNNNNNNN,20141106.0,,,,CST,Y,U,YY   Y,N100HGHPLN,121OGLL,U,185.0,185.0,D,
USGS,410252096185501, 13N 10E32DCAD1 M91-50R,GW,410252.0,961855.0,41.04777629,-96.3155698,M,S,NAD27,NAD83,31,31,153,US,NESWSES32 T13N  R10E,ASHLAND EAST,24000.0,1056.01,L,0.01,NGVD29,10200202.0,,C,NNYNNNNNNNNNNNNNNNNNNNNNNNNNNN,,19940330.0,,,CST,Y,C,YYNYNYNN,N100ALLUVL,110SAGR,U,84.0,89.0,G,463100200
USGS,410252096185701, 13N 10E32DCAA1  M91-58R,GW,410252.0,961857.0,41.04777629,-96.3161254,M,S,NAD27,NAD83,31,31,153,US,NESWSES32 T 13N R10E,ASHLAND EAST,24000.0,1054.95,L,0.01,NGVD29,10200202.0,,C,NNYNNNNNNNNNNNNNNNNNNNNNNNNNNN,,19940330.0,,,CST,Y,C,YYNYNYNN,N100ALLUVL,110SAGR,U,59.0,70.0,G,463100200
USGS,410254096185401, 13N 10E32DDBB1  M91-56R,GW,410254.0,961854.0,41.04833185,-96.3152921,M,S,NAD27,NAD83,31,31,153,US,NESESES32 T13N  R10E,ASHLAND EAST,24000.0,1056.0,M,10.0,NGVD29,10200202.0,,C,NNYNNNNNNNNNNNNNNNNNNNNNNNNNNN,,19940330.0,,,CST,Y,C,YYNYNYNN,N100ALLUVL,110SAGR,U,68.0,93.0,G,463100200
USGS,410303096192901, 13N 10E32CABC1  M90-36R,GW,410303.0,961929.0,41.05083185,-96.3250143,M,F,NAD27,NAD83,31,31,155,US,NWNESWS32 T13N  R10,ASHLAND EAST,24000.0,1056.0,M,10.0,NGVD29,10200202.0,,,YNNNYNNNNNNNNNNNNNNNNNNNNNNNNN,19900904.0,19900904.0,,,CST,Y,C,YYNNNYNN,N100ALLUVL,110SAGR,U,56.0,86.0,R,
USGS,410307096193801, 13N 10E32CBAB1 M90-26R,GW,410307.0,961938.0,41.05194296,-96.3275143,M,F,NAD27,NAD83,31,31,155,US,NENWSWS32 T13N  R10E,ASHLAND EAST,24000.0,1055.0,M,10.0,NGVD29,10200202.0,,,YNYNNNNNNNNNNNNNNNNNNNNNNNNNNN,19900703.0,19901116.0,,,CST,Y,C,YYNYNYNN,N100ALLUVL,110SAGR,,46.0,56.0,S,463100200
USGS,410308096190701, 13N 10E32DBBA1  M28R ISLAND NORTH WELL,GW,410308.0,961907.0,41.05222076,-96.3189034,M,F,NAD27,NAD83,31,31,153,US,NWNWSES32 T13N  R10E,ASHLAND EAST,24000.0,1055.0,M,10.0,NGVD29,10200202.0,,,NNNNYNNNNNNNNNNNNNNNNNNNNNNNNN,19830928.0,19880926.0,,,CST,Y,C,YYYNNYYN,N100ALLUVL,110SAGR,,83.0,83.0,S,
USGS,410312096183901, 13N 10E32ADDD1  M90-30R,GW,410312.0,961839.0,41.05333189,-96.3111258,M,F,NAD27,NAD83,31,31,153,US,SESENES32 T13N  R10E,,,1056.0,M,10.0,NGVD29,10200202.0,,,NNNNYNNNNNNNNNNNNNNNNNNNNNNNNN,19900629.0,,,,CST,Y,C,YYNYNYNN,N100ALLUVL,110SAGR,U,46.0,52.0,D,
USGS,410314096201101, 13N 10E31ACDB1 M90-24R,GW,410314.0,962011.0,41.0538874,-96.3366809,M,F,NAD27,NAD83,31,31,155,US,SESWNES31 T13N  R10E,ASHLAND EAST,24000.0,1060.0,M,10.0,NGVD29,10200203.0,,,YNYNNNNNNNNNNNNNNNNNNNNNNNNNNN,19900903.0,,,,CST,Y,C,YNNNNYNN,N100ALLUVL,110SAGR,,49.0,51.0,S,463100200
USGS,410322096191502,13N 10E32BDAA1 M90-27R-21,GW,410321.57,961915.83,41.05599167,-96.3210639,X,C,NAD83,NAD83,31,31,153,US,      S32 T13N  R10E  6,"ASHLAND EAST, NE",24000.0,1059.03,X,0.09,NAVD88,10200202.0,,,YNNNNNNNNNNNNNNNNNNNNNNNNNNNNN,20210712.0,20210831.0,,,CST,Y,C,,N100ALLUVL,110SAGR,U,59.0,59.0,D,
USGS,410322096191604,13N 10E32BADD3 M91-39R-21,GW,410322.26,961916.59,41.0561833,-96.321275,X,C,NAD83,NAD83,31,31,153,US,      S32 T13N  R10E  6,"ASHLAND EAST, NE",24000.0,1063.54,X,0.09,NAVD88,10200202.0,,,YNNNNNNNNNNNNNNNNNNNNNNNNNNNNN,20210715.0,20210831.0,,,CST,Y,C,,,110SAGR,U,63.0,63.0,D,
USGS,410322096191802,13N 10E32BDAB1 M91-37R-21,GW,410321.51,961918.74,41.055975,-96.3218722,X,C,NAD83,NAD83,31,31,153,US,      S32 T13N  R10E  6,"ASHLAND EAST, NE",24000.0,1059.7,X,0.09,NAVD88,10200202.0,,,YNNNNNNNNNNNNNNNNNNNNNNNNNNNNN,20210714.0,20210831.0,,,CST,Y,C,,N100ALLUVL,110SAGR,U,58.0,58.0,D,
USGS,410323096191402,13N 10E32BADD2 M91-41R-21,GW,410322.82,961915.07,41.05633889,-96.3208528,X,C,NAD83,NAD83,31,31,153,US,      S32 T13N  R10E  6,"ASHLAND EAST, NE",24000.0,1059.61,X,0.09,NAVD88,10200202.0,,,YNNNNNNNNNNNNNNNNNNNNNNNNNNNNN,20210709.0,20210831.0,,,CST,Y,C,,N100ALLUVL,110SAGR,U,59.0,59.0,D,
USGS,410323096191502,13N 10E32BADD1 M91-40R-21,GW,410322.53,961915.96,41.0562583,-96.3211,X,C,NAD83,NAD83,31,31,153,US,      S32 T13N  R10E  6,"ASHLAND EAST, NE",24000.0,1059.5,X,0.09,NAVD88,10200202.0,,,YNNNNNNNNNNNNNNNNNNNNNNNNNNNNN,20210708.0,20210831.0,,,CST,Y,C,,N100ALLUVL,110SAGR,U,59.0,59.0,D,
USGS,410324096191802,13N 10E32BADC1 M91-38R-21,GW,410323.39,961918.25,41.0564972,-96.3217361,X,C,NAD83,NAD83,31,31,153,US,      S32 T13N  R10E  6,"ASHLAND EAST, NE",24000.0,1060.22,X,0.09,NAVD88,10200202.0,,,YNNNNNNNNNNNNNNNNNNNNNNNNNNNNN,20210713.0,20210831.0,,,CST,Y,C,,N100ALLUVL,110SAGR,U,59.0,59.0,D,
USGS,410334096211601, 13N  9E36ABAA1 M90-22R,GW,410334.0,962116.0,41.05944298,-96.3547364,M,F,NAD27,NAD83,31,31,155,US,NENWNES36 T13N  R9E,ASHLAND EAST,24000.0,1065.0,M,10.0,NGVD29,10200203.0,,,YNYNNNNNNNNNNNNNNNNNNNNNNNNNNN,19900630.0,19900816.0,,,CST,Y,C,YYNNNYNN,N100ALLUVL,110SAGR,,60.0,60.0,S,463100200
USGS,410340096202201, 13N 10E30CDDA1  M23R,GW,410340.0,962022.0,41.06110968,-96.3397368,M,F,NAD27,NAD83,31,31,155,US,SESESWS30 T13N  R10E,ASHLAND EAST,24000.0,1059.0,M,10.0,NGVD29,10200202.0,,,YNNNYNNNNNNNNNNNNNNNNNNNNNNNNN,19900626.0,19900816.0,,,CST,Y,C,YYNYNYNN,N100ALLUVL,110SAGR,,74.0,76.0,S,463100200
USGS,410401096195201, 13N 10E30DAAB1 M90-20R,GW,410400.98,961952.36,41.06693889,-96.3312111,X,C,NAD83,NAD83,31,31,155,US,NENESES30 T13N  R10E,"ASHLAND EAST, NE",24000.0,1065.8,X,0.03,NAVD88,10200202.0,,,YNYNNNNNNNNNNNNNNNNNNNNNNNNNNN,19900613.0,19900816.0,,,CST,Y,C,YYNNNYNN,N100ALLUVL,110SAGR,U,75.0,80.0,S,463100200
USGS,410428096211001, 13N  9E24DDCC1 M90-16R,GW,410428.0,962110.0,41.0744431,-96.3530706,M,F,NAD27,NAD83,31,31,155,US,SWSESES24 T13N  R9E,ASHLAND EAST,24000.0,1064.0,M,10.0,NGVD29,10200202.0,,,YNYNNNNNNNNNNNNNNNNNNNNNNNNNNN,19900618.0,19900816.0,,,CST,Y,C,YNNNNYNN,N100ALLUVL,110SAGR,,55.0,,R,463100200
USGS,410527096203201, 13N 10E18CDBD1 M90-12R,GW,410526.71,962033.25,41.09075278,-96.3425694,X,C,NAD83,NAD83,31,31,155,US,NWSESWS18 T13N  R10E,ASHLAND EAST,24000.0,1069.45,X,0.03,NAVD88,10200202.0,,,YNYNNNNNNNNNNNNNNNNNNNNNNNNNNN,19900612.0,19900921.0,,,CST,Y,C,YNNYNYNN,N100ALLUVL,110SAGR,U,56.0,,S,
USGS,410558096210601, 13N  9E13ADBA1 M90-5R,GW,410558.0,962106.0,41.09944335,-96.351961,M,F,NAD27,NAD83,31,31,155,US,NWSENES13 T13N  R9E,ASHLAND EAST,24000.0,1075.0,M,10.0,NGVD29,10200202.0,,,YNYNNNNNNNNNNNNNNNNNNNNNNNNNNN,19900628.0,19900816.0,,,CST,Y,C,YNNNNYNN,N100ALLUVL,110SAGR,,91.0,,S,463100200
USGS,410618098113401,13N 8W11DDDD1 Archer,GW,410615.78,981134.67,41.1043833,-98.1929639,X,C,NAD83,NAD83,31,31,121,US,SESESES11 T13N  R08W,"CHAPMAN, NE",24000.0,1771.58,X,0.23,NAVD88,10200103.0,,,YNNNYNNNNNNNNNNNNNNNNNNNNNNNNN,19860919.0,19861028.0,,,CST,Y,C,YYNYNYNN,N100HGHPLN,112SDGVD,U,20.0,20.0,S,463100200
USGS,410943097575001,14N 6W26AAAA1 Central City,GW,410942.4,975749.96,41.16177778,-97.9638778,X,C,NAD83,NAD83,31,31,121,US,NENENES26 T14N  R06W,"POLK NW, NE",24000.0,1673.13,X,0.12,NAVD88,10200103.0,,T,YNNNYNNNNNNNNNNNNNNNNNNNNNNNNN,19860919.0,19861027.0,,,CST,Y,C,YYYYNYYN,N100HGHPLN,112SDGVD,U,19.0,20.0,L,463100200
USGS,411005096281502,14N  8E24ACD 2  MEAD,GW,411011.28,962810.72,41.1698,-96.4696444,X,C,NAD83,NAD83,31,31,155,US,SESWNES24 T14N  R8E,"MEAD, NE",24000.0,1174.78,X,0.04,NAVD88,10200203.0,,F,NNNNYNNNNNNNNNNNNNNNNNNNNNNNNN,19710318.0,19710318.0,,,CST,Y,C,YYNYNYYN,N100ALLUVL,112SDGVD,U,80.0,,D,463100200
USGS,411126099422501,14N 21W15ABBA1 Pressey,GW,411125.42,994225.26,41.19039444,-99.7070167,X,C,NAD83,NAD83,31,31,41,US,      S15 T14N  R21W  6,"EDDYVILLE NW, NE",24000.0,2395.5,X,0.22,NAVD88,10210004.0,,L,YNNNYNNNNNNNNNNNYNNNNNNNNNNNNN,20140708.0,20140709.0,,,CST,Y,U,YY   Y,N100HGHPLN,121OGLL,U,370.0,370.0,D,8626-002200
USGS,411733096185501,15N 10E 5DDCB1 Valley-15,GW,411733.97,961854.93,41.29276944,-96.3152583,X,C,NAD83,NAD83,31,31,55,US,SESESWS 5 T15N  R10E,VALLEY,24000.0,1127.4,X,0.16,NAVD88,10220003.0,,T,NNNNNNNNNNNNNNNNNNNNNNNNNNNNNN,20020827.0,20020827.0,,,CST,Y,C,YY Y Y,N100HGHPLN,111ALVM,U,15.0,15.0,,463106100
USGS,411736096170201,015N 10E 3CDDA1 WATERLOO,GW,411735.6,961701.5,41.2932222,-96.28375,X,C,NAD83,NAD83,31,31,55,US,      S03 T15N  R10E  6,"VALLEY, NE",24000.0,1121.93,X,0.16,NAVD88,10220003.0,,G,YNNNYNNNNNNNNNNNNNNNNNNNNNNNNN,20140312.0,20140317.0,,,CST,Y,U,YY   Y,N100HGHPLN,111ALVM,U,45.0,50.0,S,GC14NR00.020
USGS,411738097264301,15N  1W 9BBBB1 SHELBY,GW,411737.55,972642.78,41.29376389,-97.4452167,X,C,NAD83,NAD83,31,31,143,US,NWNWNWS9  T15N  R1W,COLUMBUS SW,24000.0,1525.92,X,0.05,NAVD88,10200103.0,,,YNNNYNNNNNNNNNNNNNNNNNNNNNNNNN,19881011.0,,,,CST,Y,C,YYNYNYYN,N100HGHPLN,112SDGVD,U,51.0,,R,463100200
USGS,411757096202501,15N 10E 6ACCC1 MUD-95,GW,411756.77,962024.93,41.29910278,-96.3402583,X,C,NAD83,NAD83,31,31,55,US,      S06 T15N  R10E  6,"VALLEY, NE",24000.0,1136.49,X,0.16,NAVD88,10220003.0,,V,NNNNNNNNNNNNNNNNNNNNNNNNNNNNNN,19900125.0,20160526.0,,,CST,Y,C,YY Y Y,N100HGHPLN,112SDGVD,U,95.0,95.0,D,
USGS,411845096211201,16N  9E36DA  1 Valley City Park,GW,411845.26,962111.81,41.3125722,-96.3532806,X,C,NAD83,NAD83,31,31,55,US,      S36 T16N  R09E  6,"VALLEY, NE",24000.0,1140.44,X,0.01,NAVD88,10200202.0,,,NNNNYNNNNNNNNNNNNNNNNNNNNNNNNN,20170427.0,,,,CST,Y,C,YY   Y,N100ALLUVL,110QRNR,U,30.0,30.0,D,
USGS,411903096245501,16N 9E33ABCD1 LPNNRD-80,GW,411902.59,962454.6,41.3173861,-96.4151667,X,C,NAD83,NAD83,31,31,155,US,      S33 T16N  R09E  6,"LESHARA, NE",24000.0,1158.87,X,0.16,NAVD88,10200202.0,,T,NNNNNNNNNNNNNNNNNNNNNNNNNNNNNN,20140707.0,20140707.0,,,CST,Y,C,YY Y Y,N100ALLUVL,112SDGVD,U,80.0,80.0,G,
USGS,411911096241601,16N  9E34BBBD1 Leshara,GW,411911.0,962416.0,41.3197222,-96.4044444,X,C,NAD83,NAD83,31,31,55,US,      S34 T16N  R09E  6,"LESHARA, NE",24000.0,1153.5,X,0.16,NAVD88,10200202.0,,,YNNNNNNNNNNNNNNNNNNNNNNNNNNNNN,20160524.0,20160524.0,,,CST,Y,C,YY Y Y,N100ALLUVL,111ALVM,U,35.0,40.0,S,
USGS,412522100121201,17N 25W21CDDD1 Arnold,GW,412522.0,1001212.17,41.42277778,-100.2033806,X,C,NAD83,NAD83,31,31,41,US,      S21 T17N  R25W  6,"ARNOLD, NE",24000.0,2694.31,X,0.14,NAVD88,10210004.0,,G,YNNNYNNNNNNNNNNNNNNNNNNNNNNNNN,20140922.0,20140929.0,,,CST,Y,U,YY   Y,N100HGHPLN,110QRNR,U,12.0,16.0,S,2200
USGS,413130100531202,18N 31W16DDDB2 Tryon2,GW,413130.24,1005318.12,41.52506667,-100.8883667,X,C,NAD83,NAD83,31,31,117,US,SESESES16 T18N  R31W  6,"TRYON, NE",24000.0,3219.69,X,0.24,NAVD88,10200101.0,,F,YNNNYNNNNNNNNNNNNNNNNNNNNNNNNN,20060920.0,20060920.0,,,CST,Y,C,YY Y Y,N100HGHPLN,110WDBS,U,130.0,155.0,S,862600200
USGS,414607102263302,21N 44W29AB 2 Crescent Lake2,GW,414609.42,1022640.89,41.7692833,-102.4446917,X,C,NAD83,NAD83,31,31,69,US,  NWNES29 T21N  R44W  6,"MUMPER, NE",24000.0,3829.01,X,0.04,NAVD88,10180009.0,,,NNNNNNNNNNNNNNNNNNNNNNNNNNNNNN,20141105.0,,,,MST,Y,C,YY   Y,N100HGHPLN,112SDHL,U,12.0,12.0,S,
USGS,414952100060301,22N 24W33DBCB1Dunning,GW,414951.97,1000603.12,41.83110278,-100.1008667,X,C,NAD83,NAD83,31,31,9,US,      S33 T22N  R24W  6,"DUNNING, NE",24000.0,2612.71,X,0.05,NAVD88,10210001.0,,,NNNNNNNNNNNNNNNNNNNNNNNNNNNNNN,20150916.0,20150930.0,,,CST,Y,U,YY   Y,N100HGHPLN,110SAGR,U,14.7,20.0,S,
USGS,415022096434301,22N 6E34BCBB1 West Point,GW,415022.22,964343.97,41.83950556,-96.7288806,X,C,NAD83,NAD83,31,31,39,US,      S34 T22N  R06E  6,"WEST POINT, NE",24000.0,1308.57,X,0.04,NAVD88,10220003.0,,,YNNNYNNNNNNNNNNNNNNNNNNNNNNNNN,20140328.0,20140407.0,,,CST,Y,C,YY   Y,N100HGHPLN,,U,55.0,60.0,S,GC14NR000200
USGS,415559098005201,23N 6W28DC 1 Elgin,GW,415548.14,980102.92,41.93003889,-98.0174778,X,C,NAD83,NAD83,31,31,3,US,  SWSES28 T23N  R6W,ELGIN,24000.0,1922.98,X,0.13,NAVD88,10220001.0,,U,YNNNYNNNNNNNNNNNNNNNNNNNNNNNNN,19681005.0,19681105.0,,,CST,Y,C,YYNYNYYN,N100HGHPLN,112SDGVD,U,225.0,,S,463104100
USGS,421210098402001,26N 12W26AAA 1 Chambers,GW,421216.59,984016.44,42.2046083,-98.6712333,X,C,NAD83,NAD83,31,31,89,US,NENENES26 T26N  R12W,"CHAMBERS EAST, NE",24000.0,2058.31,X,0.13,NAVD88,10220001.0,,F,NNNNNNNNNNNNNNNNNNNNNNNNNNNNNN,19720101.0,19720313.0,,,CST,Y,C,YYNYNYYN,N100HGHPLN,112SDGVD,U,140.0,,R,463104100
USGS,422150097402401,28N  3W33BA  1  OSMOND,GW,422154.78,974017.92,42.36521667,-97.6716444,X,C,NAD83,NAD83,31,31,139,US,  NENWS33 T28   R03W  6,"FOSTER, NE",24000.0,1674.03,X,0.13,NAVD88,10220002.0,,U,YNYNYNNNNNNNNNNNNNNNNNNNNNNNNN,19680101.0,19681101.0,,,CST,Y,C,YYNYNYYN,N100HGHPLN,112SDGVD,U,121.0,,,463104100
USGS,422802097031601,29N  3E23CCCC1  LAUREL (CNBRLUSCR1  CE-17),GW,422802.93,970317.14,42.46748056,-97.0547611,X,C,NAD83,NAD83,31,31,27,US,SWSWSWS 23T 29N R  3E,"LAUREL, NE",24000.0,1466.9,X,0.23,NAVD88,10220004.0,,S,NNNNNNNNNNNNNNNNNNNNNNNNNNNNNN,20020723.0,20020723.0,,,CST,Y,C,YY Y Y,N100ALLUVL,111ALVM,U,20.0,23.0,S,463106100
USGS,422849099521503,29N 22W14CCBB3 Ainsworth,GW,422849.55,995216.64,42.48043056,-99.8712889,X,C,NAD83,NAD83,31,31,17,US,SWSW  S14 T29   R22W  6,"HOFELD LAKE, NE",24000.0,2581.59,X,0.11,NAVD88,10150004.0,,,NNNNYNNNNNNNNNNNNNNNNNNNNNNNNN,19930625.0,19930625.0,,,CST,Y,C,YNNNNYNN,N100HGHPLN,112SDGVD,U,50.0,50.0,,
USGS,423148098300601,30N 10W 32DAA O'Neill,GW,423150.84,983005.15,42.53078889,-98.5014306,X,C,NAD83,NAD83,31,31,89,US,NENESES32 T30N  R10W,"OPPORTUNITY, NE",24000.0,1951.98,X,0.13,NAVD88,10150007.0,,F,NNNNYNNNNNNNNNNNNNNNNNNNNNNNNN,19660927.0,19660927.0,,,CST,Y,C,YYNYNYYN,N100HGHPLN,112SDGVD,U,85.0,,R,463104100
USGS,423730098560001,31N 14W 27DDD Atkinson,GW,423726.11,985602.59,42.62391944,-98.9340528,X,C,NAD83,NAD83,31,31,89,US,SESESES27 T31N  R14W,"ATKINSON, NE",24000.0,2080.71,X,0.13,NAVD88,10150007.0,,U,YNNNYNNNNNNNNNNNNNNNNNNNNNNNNN,19660706.0,19680706.0,,,CST,Y,C,YYNYNYYN,N100HGHPLN,112SDGVD,U,72.25,,R,463104100
