NAWQA_ID,DATE,TIME,4_2 FTS-RMK,4_2 FTS-VA,6_2 FTS-RMK,6_2 FTS-VA,8_2 FTS-RMK,8_2 FTS-VA,N-EtFOSAA-RMK,N-EtFOSAA-VA,N-MeFOSAA-RMK,N-MeFOSAA-VA,PFBS-RMK,PFBS-V,PFBA-RMK,PFBA-VA,PFDS-RMK,PFDS-VA,PFDA-RMK,PFDA-VA,PFDoA-RMK,PFDoA-VA,PFHpS-RMK,PFHpS-VA,PFHpA-RMK,PFHpA-VA,PFHxS-RMK,PFHxS-VA,PFHxA-RMK,PFHxA-VA,PFNS-RMK,PFNS-VA,PFNA-RMK,PFNA-VA,PFOSA-RMK,PFOSA-VA,PFOS-RMK,PFOS-VA,PFOA-RMK,PFOA-VA,PFPeS-RMK,PFPeS-VA,PFPeA-RMK,PFPeA-VA,PFTeDA-RMK,PFTeDA-VA,PFTrDA-RMK,PFTrDA-VA,PFUnA-RMK,PFUnA-VA
MIAMSUS1-01,8/21/2019,1200,<,8,<,8,<,8,<,20,<,20,<,4,<,8,<,4,<,4,<,4,<,4,<,4,<,4,n,1.1,<,4,<,4,<,4,<,4,n,1.5,<,4,n,1.7,<,4,<,4,<,4
MIAMSUS1-02,7/1/2019,1100,<,7.7,<,7.7,<,7.7,<,19,<,19,n,1.1,<,7.7,<,3.8,<,3.8,<,3.8,<,3.8,<,3.8,<,3.8,<,3.8,<,3.8,<,3.8,<,3.8,<,3.8,<,3.8,<,3.8,<,3.8,<,3.8,<,3.8,<,3.8
MIAMSUS1-03,7/2/2019,1100,<,7.7,<,7.7,<,7.7,<,19,<,19,<,3.8,<,7.7,<,3.8,<,3.8,<,3.8,<,3.8,<,3.8,<,3.8,<,3.8,<,3.8,<,3.8,<,3.8,<,3.8,<,3.8,<,3.8,<,3.8,<,3.8,<,3.8,<,3.8
MIAMSUS1-04,7/9/2019,1100,<,8,<,8,<,8,<,20,<,20,,8,<,8,<,4,<,4,<,4,<,4,<,4,,16,<,4,<,4,<,4,<,4,n,1.9,<,4,,7.8,<,4,<,4,<,4,<,4
MIAMSUS1-05,7/10/2019,1100,<,8,<,8,<,8,<,20,<,20,<,4,<,8,<,4,<,4,<,4,<,4,<,4,<,4,<,4,<,4,<,4,<,4,<,4,<,4,<,4,<,4,<,4,<,4,<,4
MIAMSUS1-06,7/11/2019,1100,<,8,<,8,<,8,<,20,<,20,<,4,<,8,<,4,<,4,<,4,<,4,<,4,<,4,<,4,<,4,<,4,<,4,<,4,<,4,<,4,<,4,<,4,<,4,<,4
MIAMSUS1-07,7/15/2019,1100,<,8,<,8,<,8,<,20,<,20,<,4,<,8,<,4,<,4,<,4,<,4,<,4,<,4,<,4,<,4,<,4,<,4,<,4,<,4,<,4,<,4,<,4,<,4,<,4
MIAMSUS1-08,7/17/2019,1100,<,8,<,8,<,8,<,20,<,4,,4.2,<,8,<,4,<,4,<,4,<,4,<,4,n,1.8,<,4,<,4,<,4,<,8,<,4,<,4,<,4,<,4,<,4,<,4,<,4
MIAMSUS1-09,7/22/2019,1100,<,6.9,<,6.9,<,6.9,<,17,<,17,<,3.4,<,6.9,<,3.4,<,3.4,<,3.4,<,3.4,<,3.4,<,3.4,<,3.4,<,3.4,<,3.4,<,3.4,<,3.4,<,3.4,<,3.4,<,3.4,<,3.4,<,3.4,<,3.4
MIAMSUS1-10,7/23/2019,1100,<,7.1,<,7.1,<,7.1,<,18,<,18,<,3.6,<,7.1,<,3.6,<,3.6,<,3.6,<,3.6,<,3.6,<,3.6,<,3.6,<,3.6,<,3.6,<,3.6,<,3.6,<,3.6,<,3.6,<,3.6,<,3.6,<,3.6,<,3.6
MIAMSUS1-11,7/24/2019,1200,<,7.4,<,7.4,<,7.4,<,19,<,19,<,3.7,<,7.4,<,3.7,<,3.7,<,3.7,<,3.7,<,3.7,<,3.7,<,3.7,<,3.7,<,3.7,<,3.7,<,3.7,<,3.7,<,3.7,<,3.7,<,3.7,<,3.7,<,3.7
MIAMSUS1-12,7/25/2019,1200,<,7.4,<,7.4,<,7.4,<,19,<,19,<,3.7,<,7.4,<,3.7,<,3.7,<,3.7,<,3.7,<,3.7,<,3.7,<,3.7,<,3.7,<,3.7,<,3.7,<,3.7,<,3.7,<,3.7,<,3.7,<,3.7,<,3.7,<,3.7
MIAMSUS1-13,7/29/2019,1100,<,6.9,<,6.9,<,6.9,<,17,<,17,<,3.4,<,6.9,<,3.4,<,3.4,<,3.4,<,3.4,<,3.4,<,3.4,<,3.4,<,3.4,<,3.4,<,3.4,<,3.4,<,3.4,<,3.4,<,3.4,<,3.4,<,3.4,<,3.4
MIAMSUS1-14,7/30/2019,1200,<,6.9,<,6.9,<,6.9,<,17,<,17,n,1.1,<,6.9,<,3.4,<,3.4,<,3.4,<,3.4,<,3.4,<,3.4,<,3.4,<,3.4,<,3.4,<,3.4,<,3.4,<,3.4,<,3.4,<,3.4,<,3.4,<,3.4,<,3.4
MIAMSUS1-15,7/31/2019,1100,<,7.4,<,7.4,<,7.4,<,19,<,19,<,3.7,<,7.4,<,3.7,<,3.7,<,3.7,<,3.7,<,3.7,<,3.7,<,3.7,<,3.7,<,3.7,<,3.7,<,3.7,<,3.7,<,3.7,<,3.7,<,3.7,<,3.7,<,3.7
MIAMSUS1-16,8/1/2019,1100,<,6.9,<,6.9,<,6.9,<,17,<,17,n,1,<,6.9,<,3.4,<,3.4,<,3.4,<,3.4,<,3.4,<,3.4,<,3.4,<,3.4,<,3.4,<,3.4,<,3.4,<,3.4,<,3.4,<,3.4,<,3.4,<,3.4,<,3.4
MIAMSUS1-17,8/5/2019,1100,<,7.7,<,7.7,<,7.7,<,19,<,19,n,1.8,<,7.7,<,3.8,<,3.8,<,3.8,<,3.8,<,3.8,n,2.1,<,3.8,<,3.8,<,3.8,<,3.8,<,3.8,<,3.8,<,3.8,<,3.8,<,3.8,<,3.8,<,3.8
MIAMSUS1-18,8/6/2019,1000,<,7.7,<,7.7,<,7.7,<,19,<,19,<,3.8,<,7.7,<,3.8,<,3.8,<,3.8,<,3.8,<,3.8,<,3.8,<,3.8,<,3.8,<,3.8,<,3.8,<,3.8,<,3.8,<,3.8,<,3.8,<,3.8,<,3.8,<,3.8
MIAMSUS1-19,8/7/2019,1000,<,7.7,<,7.7,<,7.7,<,19,<,19,n,1.4,<,7.7,<,3.8,<,3.8,<,3.8,<,3.8,<,3.8,<,3.8,<,3.8,<,3.8,<,3.8,<,3.8,<,3.8,<,3.8,<,3.8,<,3.8,<,3.8,<,3.8,<,3.8
MIAMSUS1-20,8/8/2019,1200,<,8,<,8,<,8,<,20,<,20,<,4,<,8,<,4,<,4,<,4,<,4,<,4,<,4,<,4,<,4,<,4,<,4,<,4,<,4,<,4,<,4,<,4,<,4,<,4
MIAMSUS1-22,3/4/2020,1100,<,7.1,<,7.1,<,7.1,<,7.1,<,7.1,<,3.6,<,7.1,<,3.6,<,3.6,<,3.6,<,3.6,<,3.6,<,3.6,<,3.6,<,3.6,<,3.6,<,3.6,<,3.6,<,3.6,<,3.6,<,3.6,<,3.6,<,3.6,<,3.6
MIAMSUS1-23,8/14/2019,1100,<,8.3,<,8.3,<,8.3,<,21,<,21,<,4.2,<,8.3,<,4.2,<,4.2,<,4.2,<,4.2,<,4.2,<,4.2,<,4.2,<,4.2,<,4.2,<,4.2,<,4.2,n,2.1,<,4.2,<,4.2,<,4.2,<,4.2,<,4.2
MIAMSUS1-24,8/15/2019,1100,<,8,<,8,<,8,<,20,<,20,n,2.1,n,2,<,4,<,4,<,4,<,4,<,4,n,1.6,<,4,<,4,<,4,<,4,<,4,<,4,<,4,<,4,<,4,<,4,<,4
MIAMSUS1-25,9/23/2019,1100,<,6.6,<,5.9,<,5.9,<,8.1,<,7,<,5.1,<,7,<,7.2,<,4.1,<,6.8,<,3.3,<,7.1,<,5.2,<,6.4,<,7,<,4.9,<,6.6,<,5.2,<,7.4,<,7.4,<,4.1,<,6.7,<,6.9,<,4.3
MISESUS4-01,5/7/2019,1200,<,9.1,<,9.1,<,9.1,<,23,<,23,<,4.5,<,9.1,<,4.5,<,4.5,<,4.5,<,4.5,<,4.5,<,4.5,<,4.5,<,4.5,<,4.5,<,4.5,<,4.5,<,4.5,<,4.5,<,4.5,<,4.5,<,4.5,<,4.5
MISESUS4-02,5/29/2019,1300,<,8,<,8,<,8,<,20,<,20,<,4,<,8,<,4,<,4,<,4,<,4,<,4,<,4,<,4,<,4,<,4,<,4,<,4,<,4,<,4,<,4,<,4,<,4,<,4
MISESUS4-03,6/11/2019,1400,<,8.3,<,8.3,<,8.3,<,21,<,21,<,4.2,<,8.3,<,4.2,<,4.2,<,4.2,<,4.2,<,4.2,<,4.2,<,4.2,<,4.2,<,4.2,<,4.2,<,4.2,<,4.2,<,4.2,<,4.2,<,4.2,<,4.2,<,4.2
MISESUS4-04,6/12/2019,1100,<,8.3,<,8.3,<,8.3,<,21,<,21,<,4.2,<,8.3,<,4.2,<,4.2,<,4.2,<,4.2,<,4.2,<,4.2,<,4.2,<,4.2,<,4.2,<,4.2,<,4.2,<,4.2,<,4.2,<,4.2,<,4.2,<,4.2,<,4.2
MISESUS4-05,6/12/2019,1400,<,8,<,8,<,8,<,20,<,20,<,4,<,8,<,4,<,4,<,4,<,4,<,4,<,4,<,4,<,4,<,4,<,4,<,4,<,4,<,4,<,4,<,4,<,4,<,4
MISESUS4-06,6/26/2019,1200,<,8,<,8,<,8,<,20,<,20,<,4,<,8,<,4,<,4,<,4,<,4,<,4,<,4,<,4,<,4,<,4,<,4,<,4,<,4,<,4,<,4,<,4,<,4,<,4
MISESUS4-07,7/16/2019,1130,<,6.9,<,6.9,<,6.9,<,17,<,17,<,3.4,<,6.9,<,3.4,<,3.4,<,3.4,<,3.4,<,3.4,<,3.4,<,3.4,<,3.4,<,3.4,<,3.4,<,3.4,<,3.4,<,3.4,<,3.4,<,3.4,<,3.4,<,3.4
MISESUS4-08,7/16/2019,1445,<,8,<,8,<,8,<,20,<,20,<,4,<,8,<,4,<,4,<,4,<,4,<,4,<,4,<,4,<,4,<,4,<,4,<,4,<,4,<,4,<,4,<,4,<,4,<,4
MISESUS4-09,7/17/2019,1100,<,8,<,8,<,8,<,20,<,20,<,4,<,8,<,4,<,4,<,4,<,4,<,4,<,4,<,4,<,4,<,4,<,4,<,4,<,4,<,4,<,4,<,4,<,4,<,4
MISESUS4-10,3/19/2020,1430,<,6.9,<,6.9,<,6.9,<,6.9,<,6.9,<,3.4,<,6.9,<,3.4,<,3.4,<,3.4,<,3.4,<,3.4,<,3.4,<,3.4,<,3.4,<,3.4,<,3.4,<,3.4,<,3.4,<,3.4,<,3.4,<,3.4,<,3.4,<,3.4
MISESUS4-11,8/29/2019,1100,<,7.7,<,7.7,<,7.7,<,19,<,19,<,3.8,<,7.7,<,3.8,<,3.8,<,3.8,<,3.8,<,3.8,<,3.8,<,3.8,<,3.8,<,3.8,<,3.8,<,3.8,<,3.8,<,3.8,<,3.8,<,3.8,<,3.8,<,3.8
MISESUS4-12,5/9/2019,1100,<,8.3,<,8.3,<,8.3,<,21,<,21,<,4.2,<,8.3,<,4.2,<,4.2,<,4.2,<,4.2,<,4.2,<,4.2,<,4.2,<,4.2,<,4.2,<,4.2,<,4.2,<,4.2,<,4.2,<,4.2,<,4.2,<,4.2,<,4.2
MISESUS4-13,3/18/2020,1130,<,8.3,<,8.3,<,8.3,<,8.3,<,8.3,<,4.2,<,8.3,<,4.2,<,4.2,<,4.2,<,4.2,<,4.2,<,4.2,<,4.2,<,4.2,<,4.2,<,4.2,<,4.2,<,4.2,<,4.2,<,4.2,<,4.2,<,4.2,<,4.2
MISESUS4-14,5/8/2019,1000,<,8.3,<,8.3,<,8.3,<,21,<,21,<,4.2,<,8.3,<,4.2,<,4.2,<,4.2,<,4.2,<,4.2,<,4.2,<,4.2,<,4.2,<,4.2,<,4.2,<,4.2,<,4.2,<,4.2,<,4.2,<,4.2,<,4.2,<,4.2
MISESUS4-15,5/8/2019,1430,<,8,<,8,<,8,<,20,<,20,<,4,<,8,<,4,<,4,<,4,<,4,<,4,<,4,<,4,<,4,<,4,<,4,<,4,<,4,<,4,<,4,<,4,<,4,<,4
MISESUS4-16,6/4/2019,1000,<,8,<,8,<,8,<,20,<,20,<,4,<,8,<,4,<,4,<,4,<,4,<,4,<,4,<,4,<,4,<,4,<,4,<,4,<,4,<,4,<,4,<,4,<,4,<,4
MISESUS4-17,6/4/2019,1530,<,8,<,8,<,8,<,20,<,20,<,4,<,8,<,4,<,4,<,4,<,4,<,4,<,4,<,4,<,4,<,4,<,4,<,4,<,4,<,4,<,4,<,4,<,4,<,4
MISESUS4-18,6/5/2019,1030,<,9.1,<,9.1,<,9.1,<,23,<,23,<,4.5,<,9.1,<,4.5,<,4.5,<,4.5,<,4.5,<,4.5,<,4.5,<,4.5,<,4.5,<,4.5,<,4.5,<,4.5,<,4.5,<,4.5,<,4.5,<,4.5,<,4.5,<,4.5
MISESUS4-19,6/5/2019,1600,<,8.3,<,8.3,<,8.3,<,21,<,21,<,4.2,<,8.3,<,4.2,<,4.2,<,4.2,<,4.2,<,4.2,<,4.2,<,4.2,<,4.2,<,4.2,<,4.2,n,2.2,<,4.2,<,4.2,<,4.2,<,4.2,<,4.2,<,4.2
MISESUS4-20,6/6/2019,1130,<,8,<,8,<,8,<,20,<,20,<,4,<,8,<,4,<,4,<,4,<,4,<,4,<,4,<,4,<,4,<,4,<,4,<,4,<,4,<,4,<,4,<,4,<,4,<,4
MISESUS4-21,6/11/2019,1000,<,8,<,8,<,8,<,20,<,20,<,4,<,8,<,4,<,4,<,4,<,4,<,4,<,4,<,4,<,4,<,4,<,4,<,4,<,4,<,4,<,4,<,4,<,4,<,4
MISESUS4-22,6/12/2019,1030,<,8.7,<,8.7,<,8.7,<,22,<,22,<,4.3,<,8.7,<,4.3,<,4.3,<,4.3,<,4.3,<,4.3,<,4.3,<,4.3,<,4.3,<,4.3,<,4.3,<,4.3,<,4.3,<,4.3,<,4.3,<,4.3,<,4.3,<,4.3
MISESUS4-23,6/12/2019,1400,<,8,<,8,<,8,<,20,<,20,<,4,<,8,<,4,<,4,<,4,<,4,<,4,<,4,<,4,<,4,<,4,<,4,<,4,<,4,<,4,<,4,<,4,<,4,<,4
MISESUS4-24,6/13/2019,1030,<,8.3,<,8.3,<,8.3,<,21,<,21,<,4.2,<,8.3,<,4.2,<,4.2,<,4.2,<,4.2,<,4.2,<,4.2,<,4.2,<,4.2,<,4.2,<,4.2,<,4.2,<,4.2,<,4.2,<,4.2,<,4.2,<,4.2,<,4.2
MISESUS4-25,6/13/2019,1400,<,8.7,<,8.7,<,8.7,<,22,<,22,<,4.3,<,8.7,<,4.3,<,4.3,<,4.3,<,4.3,<,4.3,<,4.3,<,4.3,<,4.3,<,4.3,<,4.3,<,4.3,<,4.3,<,4.3,<,4.3,<,4.3,<,4.3,<,4.3
MISESUS4-26,6/25/2019,1130,<,8,<,8,<,8,<,20,<,20,<,4,<,8,<,4,<,4,<,4,<,4,<,4,<,4,<,4,<,4,<,4,<,4,<,4,<,4,<,4,<,4,<,4,<,4,<,4
MISESUS4-27,6/26/2019,1000,<,8,<,8,<,8,<,20,<,20,<,4,<,8,<,4,<,4,<,4,<,4,<,4,<,4,<,4,<,4,<,4,<,4,<,4,<,4,<,4,<,4,<,4,<,4,<,4
MOBLSUS1-01,7/31/2019,1100,<,8,<,8,<,8,<,20,<,20,<,4,<,8,<,4,<,4,<,4,<,4,<,4,<,4,<,4,<,4,<,4,<,4,<,4,<,4,<,4,<,4,<,4,<,4,<,4
MOBLSUS1-02,8/1/2019,1300,<,9.1,<,9.1,<,9.1,<,23,<,23,<,4.5,<,9.1,<,4.5,<,4.5,<,4.5,<,4.5,<,4.5,<,4.5,<,4.5,<,4.5,<,4.5,<,4.5,<,4.5,<,4.5,<,4.5,<,4.5,<,4.5,<,4.5,<,4.5
MOBLSUS1-03,8/12/2019,1200,<,8.7,<,8.7,<,8.7,<,22,<,22,<,4.3,<,8.7,<,4.3,<,4.3,<,4.3,<,4.3,<,4.3,<,4.3,<,4.3,<,4.3,<,4.3,<,4.3,<,4.3,<,4.3,<,4.3,<,4.3,<,4.3,<,4.3,<,4.3
MOBLSUS1-04,8/14/2019,1200,<,8,<,8,<,8,<,20,<,20,<,4,<,8,<,4,<,4,<,4,<,4,<,4,<,4,<,4,<,4,<,4,<,4,<,4,<,4,<,4,<,4,<,4,<,4,<,4
MOBLSUS1-05,8/27/2019,1000,<,7.4,<,7.4,<,7.4,<,19,<,19,<,3.7,<,7.4,<,3.7,<,3.7,<,3.7,<,3.7,<,3.7,<,3.7,<,3.7,<,3.7,<,3.7,<,3.7,<,3.7,<,3.7,<,3.7,<,3.7,<,3.7,<,3.7,<,3.7
MOBLSUS1-06,8/28/2019,1000,<,7.4,<,7.4,<,7.4,<,19,<,19,<,3.7,<,7.4,<,3.7,<,3.7,<,3.7,<,3.7,<,3.7,<,3.7,<,3.7,<,3.7,<,3.7,<,3.7,<,3.7,<,3.7,<,3.7,<,3.7,<,3.7,<,3.7,<,3.7
MOBLSUS1-08,6/24/2019,1200,<,8,<,8,<,8,<,20,<,20,<,4,<,8,<,4,<,4,<,4,<,4,<,4,<,4,<,4,<,4,<,4,<,4,<,4,<,4,<,4,<,4,<,4,<,4,<,4
MOBLSUS1-09,6/25/2019,1300,<,8,<,8,<,8,<,20,<,20,<,4,<,8,<,4,<,4,<,4,<,4,<,4,<,4,<,4,<,4,<,4,<,4,<,4,<,4,<,4,<,4,<,4,<,4,<,4
MOBLSUS1-10,7/10/2019,1300,<,7.4,<,7.4,<,7.4,<,19,<,19,<,3.7,<,7.4,<,3.7,<,3.7,<,3.7,<,3.7,<,3.7,<,3.7,<,3.7,<,3.7,<,3.7,<,3.7,<,3.7,<,3.7,<,3.7,<,3.7,<,3.7,<,3.7,<,3.7
MOBLSUS1-11,7/16/2019,1200,<,8,<,8,<,8,<,20,<,20,<,4,<,8,<,4,<,4,<,4,<,4,<,4,<,4,<,4,<,4,<,4,<,4,<,4,<,4,<,4,<,4,<,4,<,4,<,4
MOBLSUS1-12,7/18/2019,1200,<,7.4,<,7.4,<,7.4,<,19,<,19,<,3.7,<,7.4,<,3.7,<,3.7,<,3.7,<,3.7,<,3.7,<,3.7,<,3.7,<,3.7,<,3.7,<,3.7,<,3.7,<,3.7,<,3.7,<,3.7,<,3.7,<,3.7,<,3.7
MOBLSUS1-13,7/23/2019,1100,<,8,<,8,<,8,<,20,<,20,<,4,<,8,<,4,<,4,<,4,<,4,<,4,<,4,<,4,<,4,<,4,<,4,<,4,<,4,<,4,<,4,<,4,<,4,<,4
MOBLSUS1-14,7/24/2019,1100,<,7.4,<,7.4,<,7.4,<,19,<,19,<,3.7,<,7.4,<,3.7,<,3.7,<,3.7,<,3.7,<,3.7,<,3.7,<,3.7,<,3.7,<,3.7,<,3.7,<,3.7,<,3.7,<,3.7,<,3.7,<,3.7,<,3.7,<,3.7
MOBLSUS1-15,7/24/2019,1500,<,8,<,8,<,8,<,20,<,20,<,4,<,8,<,4,<,4,<,4,<,4,<,4,<,4,<,4,<,4,<,4,<,4,<,4,<,4,<,4,<,4,<,4,<,4,<,4
MOBLSUS1-16,7/25/2019,1100,<,7.4,<,7.4,<,7.4,<,19,<,19,<,3.7,<,7.4,<,3.7,<,3.7,<,3.7,<,3.7,<,3.7,<,3.7,<,3.7,<,3.7,<,3.7,<,3.7,<,3.7,<,3.7,<,3.7,<,3.7,<,3.7,<,3.7,<,3.7
MOBLSUS1-17,7/29/2019,1100,<,8.3,<,8.3,<,8.3,<,21,<,21,<,4.2,<,8.3,<,4.2,<,4.2,<,4.2,<,4.2,<,4.2,<,4.2,<,4.2,<,4.2,<,4.2,<,4.2,<,4.2,<,4.2,<,4.2,<,4.2,<,4.2,<,4.2,<,4.2
MOBLSUS1-18,7/30/2019,1100,<,8,<,8,<,8,<,20,<,20,<,4,<,8,<,4,<,4,<,4,<,4,<,4,<,4,<,4,<,4,<,4,<,4,<,4,<,4,<,4,<,4,<,4,<,4,<,4
MOBLSUS1-19,8/13/2019,1100,<,8.7,<,8.7,<,8.7,<,22,<,22,<,4.3,<,8.7,<,4.3,<,4.3,<,4.3,<,4.3,<,4.3,<,4.3,<,4.3,<,4.3,<,4.3,<,4.3,<,4.3,<,4.3,<,4.3,<,4.3,<,4.3,<,4.3,<,4.3
MOBLSUS1-20,8/15/2019,1100,<,8,<,8,<,8,<,20,<,20,<,4,<,8,<,4,<,4,<,4,<,4,<,4,<,4,<,4,<,4,<,4,<,4,<,4,<,4,<,4,<,4,<,4,<,4,<,4
MOBLSUS1-21,8/19/2019,1300,<,8,<,8,<,8,<,20,<,20,<,4,n,2.6,<,4,<,4,<,4,<,4,<,4,<,4,<,4,<,4,<,4,<,4,<,4,<,4,<,4,<,4,<,4,<,4,<,4
MOBLSUS1-22,8/20/2019,1100,<,8,<,8,<,8,<,20,<,20,<,4,<,8,<,4,<,4,<,4,<,4,<,4,<,4,<,4,<,4,<,4,<,4,<,4,<,4,<,4,<,4,<,4,<,4,<,4
MOBLSUS1-23,8/21/2019,1300,<,8,<,8,<,8,<,20,<,20,<,4,n,2.4,<,4,<,4,<,4.2,<,4,<,4,<,4,<,4,<,4,<,4,<,4,<,4,<,4,<,4,<,4,<,4,<,4,<,4
MOBLSUS1-24,8/22/2019,1100,<,7.4,<,7.4,<,7.4,<,19,<,19,<,3.7,<,7.4,<,3.7,<,3.7,<,3.7,<,3.7,<,3.7,<,3.7,<,3.7,<,3.7,<,3.7,<,3.7,<,3.7,<,3.7,<,3.7,<,3.7,<,3.7,<,3.7,<,3.7
MOBLSUS1-25,10/1/2019,1300,<,7.4,n,5.6,<,7.4,<,19,<,19,<,3.7,<,7.4,<,3.7,<,3.7,<,3.7,<,3.7,<,3.7,n,3.5,<,3.7,<,3.7,<,3.7,<,3.7,,28,<,3.7,<,3.7,<,3.7,<,3.7,<,3.7,<,3.7
MOBLSUS1-26,10/3/2019,1200,<,7.4,,17,<,7.4,<,19,<,19,n,1.1,<,7.4,<,3.7,<,3.7,<,3.7,<,3.7,<,3.7,,7.9,n,1.4,<,3.7,<,3.7,<,3.7,,26,n,1.4,n,1.7,<,3.7,<,3.7,<,3.7,<,3.7
MOBLSUS1-27,10/16/2019,1200,<,8,<,8,<,8,<,20,<,20,<,4,<,8,<,4,<,4,<,4,<,4,<,4,<,4,<,4,<,4,<,4,<,4,<,4,<,4,<,4,<,4,<,4,<,4,<,4
MOBLSUS1-28,10/17/2019,1200,<,8,<,8,<,8,<,20,<,20,<,4,<,8,<,4,<,4,<,4,<,4,<,4,<,4,<,4,<,4,<,4,<,4,<,4,<,4,<,4,<,4,<,4,<,4,<,4
MOBLSUS1-29,10/22/2019,1200,<,8,<,8,<,8,<,20,<,20,<,4,<,8,<,4,<,4,<,4,<,4,<,4,<,4,<,4,<,4,<,4,<,4,<,4,<,4,<,4,<,4,<,4,<,4,<,4
MOBLSUS1-30,11/13/2019,1300,<,8,<,8,<,8,<,20,<,20,<,4,<,2.3,<,4,<,4,<,4,<,4,<,4,<,4,<,4,<,4,<,4,<,4,<,4,<,4,<,4,<,4,<,4,<,4,<,4
MOBLSUS1-31,11/14/2019,1300,<,8,<,8,<,8,<,20,<,20,<,4,<,2,<,4,<,4,<,4,<,4,<,4,<,4,<,4,<,4,<,4,<,4,<,4,<,4,<,4,<,4,<,4,<,4,<,4
NECBLUSRC1-01,7/9/2019,1100,<,8,n,2,<,8,<,20,<,20,n,1.8,n,2.5,<,4,<,4,<,4,<,4,<,4,n,1.7,<,4,<,4,<,4,<,4,,7.8,n,2.2,<,4,<,4,<,4,<,4,<,4
NECBLUSRC1-02,6/4/2019,1100,<,8,<,8,<,8,<,20,<,20,n,3.9,,42,<,4,<,4,<,4,<,4,,7.4,n,1.9,,12,<,4,n,1.3,<,4,,5.3,,9.6,<,4,,20,<,4,<,4,<,4
NECBLUSRC1-03,6/5/2019,1100,<,8.3,<,8.3,<,8.3,<,21,<,21,,5.1,n,8,<,4.2,<,4.2,<,4.2,<,4.2,n,3.5,n,2.4,,11,<,4.2,<,4.2,<,4.2,n,2.4,,12,<,4.2,,11,<,4.2,<,4.2,<,4.2
NECBLUSRC1-04,6/5/2019,1300,<,8,<,8,<,8,<,20,<,20,n,1.8,n,3.4,<,4,<,4,<,4,n,1.8,,2.8,n,3.3,n,2.6,<,4,<,4,<,4,,5.6,,10,<,4,n,2.4,<,4,<,4,<,4
NECBLUSRC1-05,6/6/2019,1100,<,8,<,8,<,8,<,20,<,20,n,2.8,n,3.4,<,4,<,4,<,4,<,4,n,1.3,<,4,n,1.3,<,4,<,4,<,4,<,4,n,2.5,<,4,n,2.4,<,4,<,4,<,4
NECBLUSRC1-06,6/10/2019,1100,<,8,<,8,<,8,<,20,<,20,,9,n,3.6,<,4,<,4,<,4,<,4,n,2.1,,19,n,1.8,<,4,<,4,<,4,,9.3,,7.2,,5.8,n,2.2,<,4,<,4,<,4
NECBLUSRC1-07,6/11/2019,1100,<,8,<,8,<,8,<,20,<,20,n,2.6,n,2.8,<,4,<,4,<,4,<,4,n,3,n,3.1,n,3.8,<,4,<,4,<,4,,10,,9.8,<,4,n,3.7,<,4,<,4,<,4
NECBLUSRC1-08,6/11/2019,1300,<,8,<,8,<,8,<,20,<,20,n,1.5,n,2.1,<,4,<,4,<,4,<,4,<,4,n,2.5,<,4,<,4,<,4,<,4,n,3.3,n,2.1,<,4,n,2,<,4,<,4,<,4
NECBLUSRC1-09,6/12/2019,1100,<,8,<,8,<,8,<,20,<,20,<,4,n,2.4,<,4,<,4,<,4,n,1.2,,6,,6.6,,7.2,<,4,<,4,<,4,,17,,28,<,4,,5.3,<,4,<,4,<,4
NECBLUSRC1-10,6/12/2019,1300,<,8,<,8,<,8,<,20,<,20,,4.6,n,7.9,<,4,n,2.3,<,4,<,4,,12,,17,,10,<,4,n,2.4,<,8,,33,,35,,4.3,,9.5,<,4,<,4,<,4
NECBLUSRC1-11,6/13/2019,1100,<,8,<,8,<,8,<,20,<,20,n,2.1,<,8,<,4,<,4,<,4,<,4,n,1,<,4,<,4,<,4,<,4,<,4,,1.9,n,3.5,<,4,<,4,<,4,<,4,<,4
NECBLUSRC1-12,6/17/2019,1100,<,8,<,8,<,8,<,20,<,20,<,4,<,8,<,4,<,4,<,4,<,4,<,4,<,4,<,4,<,4,<,4,<,4,<,4,<,4,<,4,<,4,<,4,<,4,<,4
NECBLUSRC1-13,6/17/2019,1300,<,8,<,8,<,8,<,20,<,20,,6.7,n,2.1,<,4,<,4,<,4,<,4,n,2.7,n,1.4,n,3.2,<,4,n,2.1,<,4,,13,,14,<,4,n,3.6,<,4,<,4,<,4
NECBLUSRC1-14,6/18/2019,1100,<,8,<,8,<,8,<,20,<,20,<,4,<,8,<,4,<,4,<,4,<,4,<,4,<,4,<,4,<,4,<,4,<,4,n,3.5,n,2.3,<,4,<,4,<,4,<,4,<,4
NECBLUSRC1-15,6/18/2019,1300,<,8,<,8,<,8,<,20,<,20,,9.9,n,2.7,<,4,<,4,<,4,<,4,n,1.6,n,1,n,3,<,4,n,1,<,4,,6.9,,5,<,4,n,3.6,<,4,<,4,<,4
NECBLUSRC1-16,6/19/2019,1100,<,8,<,8,<,8,<,20,<,20,n,1.9,<,8,<,4,<,4,<,4,<,4,<,4,<,4,<,4,<,4,<,4,<,4,E,3.8,n,2.8,<,4,<,4,<,4,<,4,<,4
NECBLUSRC1-17,6/20/2019,1100,<,8,<,8,<,8,<,20,<,20,n,3.8,<,8,<,4,<,4,<,4,n,1.6,n,1.8,,17,n,3.4,<,4,<,4,<,4,,48,,5.2,n,1.8,n,2.9,<,4,<,4,<,4
NECBLUSRC1-18,6/20/2019,1300,<,8,<,8,<,8,<,20,<,20,<,4,<,8,<,4,<,4,<,4,<,4,<,4,n,2.1,<,4,<,4,<,4,<,4,<,4,n,2.1,<,4,<,4,<,4,<,4,<,4
NECBLUSRC1-19,6/25/2019,1100,<,8.3,<,8.3,<,8.3,<,21,<,21,,4.8,<,8.3,<,4.2,<,4.2,<,4.2,<,4.2,<,4.2,n,1,n,1.8,<,4.2,<,4.2,<,4.2,,4.3,n,2.8,<,4.2,n,2.3,<,4.2,<,4.2,<,4.2
NECBLUSRC1-20,6/25/2019,1300,<,8,<,8,<,8,<,20,<,20,<,4,<,8,<,4,<,4,<,4,<,4,<,4,<,4,<,4,<,4,<,4,<,4,<,4,<,4,<,4,<,4,<,4,<,4,<,4
NECBLUSRC1-21,6/26/2019,1100,<,8,<,8,<,8,<,20,<,20,,9.2,n,3.9,<,4,<,4,<,4,<,4,n,2.8,n,2.6,,10,<,4,<,4,<,4,,5.5,,12,<,4,,7.9,<,4,<,4,<,4
NECBLUSRC1-22,6/26/2019,1300,<,9.6,<,9.6,<,9.6,<,24,<,24,n,2.2,<,9.6,<,4.8,<,4.8,<,4.8,<,4.8,<,4.8,<,4.8,<,4.8,<,4.8,<,4.8,<,4.8,<,4.8,<,4.8,<,4.8,<,4.8,<,4.8,<,4.8,<,4.8
NECBLUSRC1-23,6/27/2019,1100,<,8.3,<,8.3,<,8.3,<,21,<,21,n,2.8,n,3.7,<,4.2,<,4.2,<,4.2,<,4.2,n,3.7,n,2.1,,5.8,<,4.2,<,4.2,<,4.2,<,4.2,,9.7,<,4.2,,6.3,<,4.2,<,4.2,<,4.2
NECBLUSRC1-24,6/27/2019,1300,<,8.3,<,8.3,<,8.3,<,21,<,21,<,4.2,n,3.4,<,4.2,<,4.2,<,4.2,<,4.2,<,4.2,n,1.4,n,2.2,<,4.2,<,4.2,<,4.2,<,4.2,n,3.5,<,4.2,,4.5,<,4.2,<,4.2,<,4.2
NECBLUSRC1-25,7/9/2019,1300,<,8,<,8,<,8,<,20,<,20,<,4,<,8,<,4,<,4,<,4,<,4,<,4,<,4,<,4,<,4,<,4,<,4,,4.6,n,1.5,<,4,<,4,<,4,<,4,<,4
NECBLUSRC1-26,7/10/2019,1100,<,8,<,8,<,8,<,20,<,20,,5.4,n,3,<,4,<,4,<,4,<,4,n,1.2,<,4,n,3.6,<,4,<,4,<,4,,4.4,n,3.1,<,4,n,2.7,<,4,<,4,<,4
NECBLUSRC1-27,7/11/2019,1300,<,8,<,8,<,8,<,20,<,20,n,2.8,n,5.5,<,4,<,4,<,4,<,4,n,3.2,n,3.4,n,3,<,4,<,4,<,4,,16,,7.5,<,4,n,3.5,<,4,<,4,<,4
NECBLUSRC1-28,6/3/2019,1100,<,7.7,<,7.7,<,7.7,<,19,<,19,,4.5,<,7.7,<,3.8,<,3.8,<,3.8,<,3.8,n,1.7,n,1,<,3.8,<,3.8,<,3.8,<,3.8,n,2.8,,5.9,<,3.8,<,3.8,<,3.8,<,3.8,<,3.8
NECBSUS3-01,8/13/2019,1100,<,8.3,<,8.3,<,8.3,<,21,<,21,,4.6,n,2.8,<,4.2,n,2.2,<,4.2,<,4.2,n,2.6,n,1.8,n,3.2,<,4.2,n,1.6,<,4.2,,4.9,,7.5,<,4.2,n,3.5,<,4.2,<,4.2,n,1
NECBSUS3-02,9/16/2019,1100,<,7.4,<,7.4,<,7.4,<,19,<,19,<,3.7,<,7.4,<,3.7,<,3.7,<,3.7,<,3.7,<,3.7,n,3,n,1.2,<,3.7,<,3.7,<,3.7,<,3.7,n,1.8,<,3.7,<,3.7,<,3.7,<,3.7,<,3.7
NECBSUS3-03,9/17/2019,1100,<,7.4,<,7.4,<,7.4,<,19,<,19,,10,,3.6,<,3.7,<,3.7,<,3.7,<,3.7,,4.2,,4.2,,5.9,<,3.7,,21,<,3.7,,5.7,,6.6,n,1,,6.1,<,3.7,<,3.7,<,3.7
NECBSUS3-04,7/29/2019,1100,<,8,<,8,<,8,<,20,<,20,<,4,<,8,<,4,<,4,<,4,<,4,<,4,<,4,<,4,<,4,<,4,<,4,<,4,n,1.5,<,4,<,4,<,4,<,4,<,4
NECBSUS3-05,7/30/2019,1100,<,9.1,<,9.1,<,9.1,<,23,<,23,<,4.5,<,9.1,<,4.5,<,4.5,<,4.5,<,4.5,<,4.5,<,4.5,<,4.5,<,4.5,<,4.5,<,4.5,<,4.5,<,4.5,<,4.5,<,4.5,<,4.5,<,4.5,<,4.5
NECBSUS3-06,7/31/2019,1100,<,7.4,<,7.4,<,7.4,<,19,<,19,<,3.7,<,7.4,<,3.7,<,3.7,<,3.7,<,3.7,<,3.7,<,3.7,<,3.7,<,3.7,<,3.7,<,3.7,n,1.5,n,1.1,<,3.7,<,3.7,<,3.7,<,3.7,<,3.7
NECBSUS3-07,8/5/2019,1100,<,7.4,<,7.4,<,7.4,<,19,<,19,n,3.3,n,4.3,<,3.7,<,3.7,<,3.7,<,3.7,n,3.4,n,2,,6.1,<,3.7,<,3.7,<,3.7,,6.4,,8.3,<,3.7,,6.6,<,3.7,<,3.7,<,3.7
NECBSUS3-08,8/8/2019,1100,<,8,<,8,<,8,<,20,<,20,<,4,n,2.2,<,4,<,4,<,4,<,4,,9.8,n,2.3,n,4,<,4,<,4,<,4,,4.6,,55,<,4,n,3.5,<,4,<,4,<,4
NECBSUS3-09,8/14/2019,1100,<,7.4,<,7.4,<,7.4,<,19,<,19,,5.2,n,7.3,<,3.7,<,3.7,<,3.7,<,3.7,,14,,47,,16,<,3.7,n,2.5,<,3.7,,45,,22,n,2.6,,17,<,3.7,<,3.7,<,3.7
NECBSUS3-10,8/15/2019,1100,<,8.7,<,8.7,<,8.7,<,22,<,22,n,2.2,n,3.1,<,4.3,<,4.3,<,4.3,<,4.3,<,4.3,n,1.4,<,4.3,<,4.3,<,4.3,<,4.3,n,2.9,n,2.4,<,4.3,<,4.3,<,4.3,<,4.3,<,4.3
NECBSUS3-11,9/3/2019,1100,<,7.4,<,7.4,<,7.4,<,19,<,19,<,3.7,<,7.4,<,3.7,<,3.7,<,3.7,<,3.7,<,3.7,<,3.7,<,3.7,<,3.7,n,3.6,<,3.7,<,3.7,<,3.7,<,3.7,<,3.7,<,3.7,<,3.7,<,3.7
NECBSUS3-12,9/5/2019,1100,<,7.4,<,7.4,<,7.4,<,19,<,19,<,3.7,<,7.4,<,3.7,<,3.7,<,3.7,<,3.7,<,3.7,<,3.7,<,3.7,<,3.7,<,3.7,<,3.7,<,3.7,<,3.7,<,3.7,<,3.7,<,3.7,<,3.7,<,3.7
NECBSUS3-13,9/12/2019,1100,<,7.4,<,7.4,<,7.4,<,19,<,19,n,2.3,n,2.7,<,3.7,<,3.7,<,3.7,<,3.7,n,1.9,n,1.5,n,2.1,<,3.7,<,3.7,<,3.7,,6.7,,4.3,<,3.7,n,2.6,<,3.7,<,3.7,<,3.7
NECBSUS3-14,9/18/2019,1110,<,7.4,<,7.4,<,7.4,<,19,<,19,,4.1,n,3.9,<,3.7,<,3.7,<,3.7,<,3.7,n,3.5,,5.9,,5.9,<,3.7,<,3.7,<,3.7,,17,,8.7,n,1,,6.7,<,3.7,<,3.7,<,3.7
NECBSUS3-15,9/19/2019,1100,<,7.4,<,7.4,<,7.4,<,19,<,19,n,1.8,n,4,<,3.7,<,3.7,<,3.7,<,3.7,,3.7,n,3,,4.8,<,3.7,<,3.7,<,3.7,,11,,10,<,3.7,,5.6,<,3.7,<,3.7,<,3.7
NECBSUS3-16,9/26/2019,1100,<,7.4,<,7.4,<,7.4,<,19,<,19,,6,n,2.4,<,3.7,<,3.7,<,3.7,<,3.7,n,1.5,n,1.5,n,2.6,<,3.7,<,3.7,<,3.7,,4.3,,4.8,<,3.7,n,2.8,<,3.7,<,3.7,<,3.7
NECBSUS3-17,10/8/2019,1100,<,8,<,8,<,8,<,20,<,20,,7.6,n,2.8,<,4,<,4,<,4,<,4,n,3,n,3.2,n,2.8,<,4,<,4,<,4,,26,,11,<,4,n,3.7,<,4,<,4,<,4
NECBSUS3-18,7/24/2019,1100,<,7.1,<,7.1,<,7.1,<,18,<,18,n,1.2,n,2.7,<,3.6,<,3.6,<,3.6,<,3.6,n,1.1,<,3.6,<,3.6,<,3.6,<,3.6,<,3.6,n,3,n,3.1,<,3.6,n,1.3,<,3.6,<,3.6,<,3.6
NECBSUS3-19,7/25/2019,1300,<,7.4,<,7.4,<,7.4,<,19,<,19,n,2.3,n,2,<,3.7,<,3.7,<,3.7,<,3.7,<,3.7,,5.5,n,1,<,3.7,<,3.7,<,3.7,,17,n,2.9,<,3.7,<,3.7,<,3.7,<,3.7,<,3.7
NECBSUS3-20,8/20/2019,1100,<,8,<,8,<,8,<,20,<,20,<,4,<,8,<,4,<,4,<,4,<,4,<,4,<,4,<,4,<,4,<,4,<,4,<,4,<,4,<,4,<,4,<,4,<,4,<,4
NECBSUS3-21,8/22/2019,1100,<,8,<,8,<,8,<,20,<,20,<,4,<,8,<,4,<,4,<,4,<,4,<,4,<,4,<,4,<,4,<,4,<,4,<,4,<,4,<,4,<,4,<,4,<,4,<,4
NECBSUS3-22,9/11/2019,1100,<,7.4,<,7.4,<,7.4,<,19,<,19,<,3.7,<,7.4,<,3.7,<,3.7,<,3.7,<,3.7,<,3.7,<,3.7,<,3.7,<,3.7,<,3.7,<,3.7,<,3.7,<,3.7,<,3.7,<,3.7,<,3.7,<,3.7,<,3.7
NECBSUS3-23,9/25/2019,1100,<,7.4,<,7.4,<,7.4,<,19,<,19,<,3.7,<,7.4,<,3.7,<,3.7,<,3.7,<,3.7,<,3.7,<,3.7,<,3.7,<,3.7,<,3.7,<,3.7,<,3.7,<,3.7,<,3.7,<,3.7,<,3.7,<,3.7,<,3.7
NECBSUS3-24,7/24/2019,1300,<,8,<,8,<,8,<,20,<,20,n,2.9,<,8,<,4,<,4,<,4,<,4,n,1.3,n,2.6,n,1.5,<,4,<,4,<,4,,7.7,n,2.7,<,4,<,4,<,4,<,4,<,4
NECBSUS3-25,8/21/2019,1100,<,7.4,<,7.4,<,7.4,<,19,<,19,<,3.7,<,7.4,<,3.7,<,3.7,<,3.7,<,3.7,<,3.7,<,3.7,<,3.7,<,3.7,<,3.7,<,3.7,<,3.7,<,3.7,<,3.7,<,3.7,<,3.7,<,3.7,<,3.7
NECBSUS3-26,9/10/2019,1100,<,7.4,<,7.4,<,7.4,<,19,<,19,<,3.7,<,7.4,<,3.7,<,3.7,<,3.7,<,3.7,n,1,<,3.7,n,1.6,<,3.7,<,3.7,<,3.7,<,3.7,n,2.7,<,3.7,n,1.5,<,3.7,<,3.7,<,3.7
NECBSUS3-27,9/24/2019,1100,<,7.4,<,7.4,<,7.4,<,19,<,19,<,3.7,<,7.4,<,3.7,<,3.7,<,3.7,<,3.7,<,3.7,<,3.7,<,3.7,<,3.7,<,3.7,<,3.7,<,3.7,<,3.7,<,3.7,<,3.7,<,3.7,<,3.7,<,3.7
STRVPAS2-01,8/5/2019,1000,<,8,<,8,<,8,<,20,<,20,<,4,<,8,<,4,<,4,<,4,<,4,<,4,<,4,<,4,<,4,<,4,<,4,<,4,<,4,<,4,<,4,<,4,<,4,<,4
STRVPAS2-02,8/5/2019,1500,<,8,<,8,<,8,<,20,<,20,<,4,<,8,<,4,<,4,<,4,<,4,<,4,<,4,<,4,<,4,<,4,<,4,<,4,<,4,<,4,<,4,<,4,<,4,<,4
STRVPAS2-03,8/6/2019,1000,<,8,<,8,<,8,<,20,<,20,<,4,<,8,<,4,<,4,<,4,<,4,<,4,<,4,<,4,<,4,<,4,<,4,<,4,<,4,<,4,<,4,<,4,<,4,<,4
STRVPAS2-04,8/6/2019,1500,<,8.3,<,8.3,<,8.3,<,21,<,21,n,1,n,3.3,<,4.2,<,4.2,<,4.2,<,4.2,<,4.2,<,4.2,<,4.2,<,4.2,,4.2,<,4.2,n,3,n,2.4,<,4.2,<,4.2,<,4.2,<,4.2,<,4.2
STRVPAS2-05,8/7/2019,1100,<,8,<,8,<,8,<,20,<,20,<,4,<,8,<,4,<,4,<,4,<,4,<,4,<,4,<,4,<,4,<,4,<,4,<,4,<,4,<,4,<,4,<,4,<,4,<,4
STRVPAS2-06,8/8/2019,1000,<,7.7,<,7.7,<,7.7,<,19,<,19,<,3.8,<,7.7,<,3.8,<,3.8,<,3.8,<,3.8,<,3.8,<,3.8,<,3.8,<,3.8,<,3.8,<,3.8,<,3.8,<,3.8,<,3.8,<,3.8,<,3.8,<,3.8,<,3.8
STRVPAS2-07,8/8/2019,1300,<,7.7,<,7.7,<,7.7,<,19,<,19,<,3.8,<,7.7,<,3.8,<,3.8,<,3.8,<,3.8,<,3.8,<,3.8,<,3.8,<,3.8,<,3.8,<,3.8,<,3.8,<,3.8,<,3.8,<,3.8,<,3.8,<,3.8,<,3.8
STRVPAS2-08,6/12/2019,1200,<,8,<,8,<,8,<,20,<,20,<,4,<,8,<,4,<,4,<,4,<,4,<,4,<,4,<,4,<,4,<,4,<,4,<,4,<,4,<,4,<,4,<,4,<,4,<,4
STRVPAS2-09,6/13/2019,1200,<,8,<,8,<,8,<,20,<,20,<,4,<,8,<,4,<,4,<,4,<,4,<,4,<,4,<,4,<,4,<,4,<,4,<,4,<,4,<,4,<,4,<,4,<,4,<,4
STRVPAS2-10,7/17/2019,1300,<,7.1,n,4.7,<,7.1,<,18,<,18,,1.1,n,2.3,<,3.6,<,3.6,<,3.6,<,3.6,<,3.6,n,3.3,<,3.6,<,3.6,<,3.6,<,3.6,,26,n,1.3,<,3.6,<,3.6,<,3.6,<,3.6,<,3.6
STRVPAS2-11,8/12/2019,1400,<,7.7,<,7.7,<,7.7,<,19,<,19,n,2.6,<,7.7,<,3.8,<,3.8,<,3.8,<,3.8,<,3.8,n,1.7,<,3.8,<,3.8,<,3.8,<,3.8,<,3.8,<,3.8,<,3.8,<,3.8,<,3.8,<,3.8,<,3.8
STRVPAS2-12,8/13/2019,1400,<,7.7,<,7.7,<,7.7,<,19,<,19,n,1.4,n,4,<,3.8,<,3.8,<,3.8,<,3.8,<,3.8,<,3.8,<,3.8,<,3.8,<,3.8,<,3.8,n,2,,5.2,<,3.8,<,3.8,<,3.8,<,3.8,<,3.8
STRVPAS2-13,8/15/2019,1300,<,8,<,8,<,8,<,20,<,20,<,4,<,8,<,4,<,4,<,4,<,4,<,4,<,4,<,4,<,4,<,4,<,4,<,4,<,4,<,4,<,4,<,4,<,4,<,4
STRVPAS2-14,8/19/2019,1100,<,8,<,8,<,8,<,20,<,20,n,2.1,<,8,<,4,<,4,<,4,<,4,<,4,n,1.1,<,4,<,4,<,4,<,4,<,4,n,1.9,<,4,<,4,<,4,<,4,<,4
STRVPAS2-15,8/21/2019,1200,<,8,<,8,<,8,<,20,<,20,<,4,<,8,<,4,<,4,<,4,<,4,<,4,<,4,<,4,<,4,<,4,<,4,<,4,<,4,<,4,<,4,<,4,<,4,<,4
STRVPAS2-16,9/3/2019,1200,<,8,<,8,<,8,<,20,<,20,<,4,n,3.7,<,4,<,4,<,4,<,4,<,4,n,1.1,<,4,<,4,<,4,<,4,,4.1,<,4,<,4,<,4,<,4,<,4,<,4
STRVPAS2-17,9/4/2019,1200,<,8.3,<,8.3,<,8.3,<,21,<,21,<,4.2,<,8.3,<,4.2,<,4.2,<,4.2,<,4.2,<,4.2,<,4.2,<,4.2,<,4.2,<,4.2,<,4.2,<,4.2,<,4.2,<,4.2,<,4.2,<,4.2,<,4.2,<,4.2
STRVPAS2-18,9/5/2019,1200,<,8,<,8,<,8,<,20,<,20,<,4,<,8,<,4,<,4,<,4,<,4,<,4,<,4,<,4,<,4,<,4,<,4,<,4,<,4,<,4,<,4,<,4,<,4,<,4
STRVPAS2-19,9/18/2019,1100,<,7.4,<,7.4,<,7.4,<,19,<,19,<,3.7,<,7.4,<,3.7,<,3.7,<,3.7,<,3.7,<,3.7,<,3.7,<,3.7,<,3.7,<,3.7,<,3.7,<,3.7,<,3.7,<,3.7,<,3.7,<,3.7,<,3.7,<,3.7
STRVPAS2-20,7/15/2019,1200,<,7.4,<,7.4,<,7.4,<,19,<,19,n,1.7,n,4.8,<,3.7,<,3.7,<,3.7,<,3.7,<,3.7,,4.2,n,1.1,<,3.7,<,3.7,<,3.7,,6.7,n,2.2,<,3.7,n,1.8,<,3.7,<,3.7,<,3.7
STRVPAS2-21,7/16/2019,1300,<,7.4,<,15,<,7.4,<,19,<,19,n,1.2,n,4.1,<,3.7,<,3.7,<,3.7,<,3.7,<,3.7,<,3.7,<,3.7,<,3.7,<,7.4,<,3.7,,4,n,3.3,<,3.7,<,3.7,<,3.7,<,3.7,<,3.7
STRVPAS2-22,8/13/2019,1200,<,8,<,8,<,8,<,20,<,20,<,4,<,8,<,4,<,4,<,4,<,4,<,4,<,4,<,4,<,4,<,4,<,4,<,4,<,4,<,4,<,4,<,4,<,4,<,4
STRVPAS2-23,8/14/2019,1000,<,8,<,8,<,8,<,20,<,20,n,1.7,<,8,<,4,<,4,<,4,<,4,<,4,<,4,<,4,<,4,<,4,<,4,n,2.6,,8.3,<,4,<,4,<,4,<,4,<,4
STRVPAS2-24,8/14/2019,1300,<,8,<,8,<,8,<,20,<,20,<,4,<,8,<,4,<,4,<,4,<,4,<,4,<,4,<,4,<,4,<,4,<,4,n,2.8,,5.7,<,4,<,4,<,4,<,4,<,4
STRVPAS2-25,8/20/2019,1300,<,8,<,8,<,8,<,20,<,20,<,4,<,8,<,4,<,4,<,4,<,4,<,4,n,3,<,4,<,4,<,4,<,4,<,4,<,4,<,4,<,4,<,4,<,4,<,4
STRVPAS2-26,8/22/2019,1200,<,8,<,8,<,8,<,20,<,20,<,4,<,8,<,4,<,4,<,4,<,4,<,4,<,4,<,4,<,4,<,4,<,4,<,4,<,4,<,4,<,4,<,4,<,4,<,4
STRVPAS2-27,6/3/2019,1200,<,9.1,<,9.1,<,9.1,<,23,<,23,n,3.4,n,2.7,<,4.5,<,4.5,<,4.5,n,2.9,n,2,,36,n,3.5,<,4.5,<,4.5,<,4.5,,98,n,3.3,n,2.6,n,3.2,<,4.5,<,4.5,<,4.5
STRVPAS2-28,6/4/2019,1000,<,8,<,8,<,8,<,20,<,20,,24,,8.4,<,4,<,4,<,4,<,4,,15,,81,,15,<,4,<,4,<,4,,9.2,,150,,12,,6.6,<,4,<,4,<,4
STRVPAS2-29,6/5/2019,1000,<,8,<,8,<,8,<,20,<,20,,4.2,,24,<,4,<,4,<,4,<,4,,58,,8.5,,37,<,4,<,4,<,4,<,4,,1500,n,2.7,,11,<,4,<,4,<,4
STRVPAS2-30,6/10/2019,1100,<,8.7,<,8.7,<,8.7,<,22,<,22,n,1.6,n,2.7,<,4.3,<,4.3,<,4.3,<,4.3,<,4.3,<,4.3,<,4.3,<,4.3,<,4.3,<,4.3,n,2.7,<,4.3,<,4.3,<,4.3,<,4.3,<,4.3,<,4.3
STRVPAS2-31,8/15/2019,900,<,8,<,8,<,8,<,20,<,20,,5.1,<,8,<,4,<,4,<,4,<,4,<,4,n,1.8,<,4,<,4,<,4,<,4,<,4,,6.2,<,4,<,4,<,4,<,4,<,4
STRVPAS2-32,6/12/2019,1000,<,8.3,<,8.3,<,8.3,<,21,<,21,n,2.2,n,7.7,<,4.2,<,4.2,<,4.2,<,4.2,n,1.5,n,2.3,n,3.1,<,4.2,<,4.2,<,4.2,n,1.7,,12,<,4.2,,4.3,<,4.2,<,4.2,<,4.2
STRVPAS2-33,7/22/2019,1100,<,8,<,8,<,8,<,20,<,20,n,1.3,n,2.5,<,4,<,4,<,4,<,4,<,4,<,4,<,4,<,4,<,4,<,4,<,4,n,1.5,<,4,<,4,<,4,<,4,<,4
STRVPAS2-34,7/23/2019,1200,<,9.1,<,9.1,<,9.1,<,23,<,23,<,4.5,n,3.8,<,4.5,<,4.5,<,4.5,<,4.5,<,4.5,<,4.5,<,4.5,<,4.5,<,4.5,<,4.5,<,4.5,,14,<,4.5,<,4.5,<,4.5,<,4.5,<,4.5
STRVPAS2-35,7/24/2019,1000,<,8,<,8,<,8,<,20,<,20,<,4,<,8,<,4,<,4,<,4,<,4,<,4,<,4,<,4,<,4,<,4,<,4,<,4,,17,<,4,<,4,<,4,<,4,<,4
STRVPAS2-36,7/30/2019,1200,<,8.7,<,8.7,<,8.7,<,22,<,22,<,4.3,<,8.7,<,4.3,<,4.3,<,4.3,<,4.3,<,4.3,<,4.3,<,4.3,<,4.3,<,4.3,<,4.3,<,4.3,<,4.3,<,4.3,<,4.3,<,4.3,<,4.3,<,4.3
STRVPAS2-37,7/31/2019,1100,<,10,<,10,<,10,<,25,<,25,n,1.8,n,3.8,<,5,<,5,<,5,<,5,<,5,n,1.5,n,1.4,<,5,<,5,<,5,<,5,n,3.4,<,5,<,5,<,5,<,5,<,5
STRVPAS2-38,8/1/2019,1100,<,10,<,10,<,10,<,25,<,25,<,5,<,10,<,5,<,5,<,5,<,5,<,5,<,5,<,5,<,5,<,5,<,5,<,5,<,5,<,5,<,5,<,5,<,5,<,5
STRVPAS2-39,8/12/2019,1200,<,8,<,8,<,8,<,20,<,20,<,4,<,8,<,4,<,4,<,4,<,4,<,4,<,4,<,4,<,4,<,4,<,4,<,4,n,1.2,<,4,<,4,<,4,<,4,<,4
STRVPAS2-40,8/19/2019,1100,<,8,<,8,<,8,<,20,<,20,n,1.8,n,3.3,<,4,<,4,<,4,<,4,<,4,n,2.7,n,1.9,<,4,<,4,<,4,n,2,n,2.8,<,4,n,3.6,<,4,<,4,<,4
STRVPAS2-41,8/20/2019,1000,<,8,<,8,<,8,<,20,<,20,n,1,n,4.3,<,4,<,4,<,4,<,4,<,4,<,4,<,4,<,4,<,4,<,4,<,4,,8,<,4,<,4,<,4,<,4,<,4
STRVPAS2-42,8/21/2019,1000,<,8.3,<,8.3,<,8.3,<,21,<,21,n,1.2,<,8.3,<,4.2,<,4.2,<,4.2,<,4.2,<,4.2,<,4.2,<,4.2,<,4.2,<,4.2,<,4.2,<,4.2,<,4.2,<,4.2,<,4.2,<,4.2,<,4.2,<,4.2
STRVPAS2-43,8/28/2019,1100,<,7.4,<,7.4,<,7.4,<,19,<,19,<,3.7,<,7.4,<,3.7,<,3.7,<,3.7,<,3.7,<,3.7,<,3.7,<,3.7,<,3.7,<,3.7,<,3.7,<,3.7,<,3.7,<,3.7,<,3.7,<,3.7,<,3.7,<,3.7
STRVPAS2-44,9/4/2019,1200,<,7.4,<,7.4,<,7.4,<,19,<,19,,5.3,n,2.7,<,3.7,<,3.7,<,3.7,<,3.7,<,3.7,n,2,<,3.7,<,3.7,<,3.7,<,3.7,,9.8,<,3.7,<,3.7,<,3.7,<,3.7,<,3.7,<,3.7
STRVPAS2-45,9/5/2019,1100,<,8,<,8,<,8,<,20,<,20,<,4,<,8,<,4,<,4,<,4,<,4,<,4,<,4,<,4,<,4,<,4,<,4,<,4,n,2.4,<,4,<,4,<,4,<,4,<,4
STRVPAS2-46,9/10/2019,1000,<,7.4,<,2.2,<,7.4,<,19,<,19,<,3.7,<,7.4,<,3.7,<,3.7,<,3.7,<,3.7,<,3.7,<,3.7,<,3.7,<,3.7,<,3.7,<,3.7,<,3.7,<,3.7,<,3.7,<,3.7,<,3.7,<,3.7,<,3.7
STRVPAS2-47,9/11/2019,1000,<,7.4,<,7.4,<,7.4,<,19,<,19,n,1.9,<,7.4,<,3.7,<,3.7,<,3.7,<,3.7,<,3.7,<,3.7,<,3.7,<,3.7,<,3.7,<,3.7,<,3.7,<,3.7,<,3.7,<,3.7,<,3.7,<,3.7,<,3.7
STRVPAS2-48,9/12/2019,1100,<,7.4,<,7.4,<,7.4,<,19,<,19,n,2.3,<,7.4,<,3.7,<,3.7,<,3.7,<,3.7,<,3.7,<,3.7,<,3.7,<,3.7,<,3.7,<,3.7,,3.9,<,3.7,<,3.7,<,3.7,<,3.7,<,3.7,<,3.7
STRVPAS2-49,9/17/2019,1100,<,7.4,<,7.4,<,7.4,<,19,<,19,n,1.5,n,4.4,<,3.7,<,3.7,<,3.7,<,3.7,<,3.7,<,3.7,<,3.7,<,3.7,<,3.7,<,3.7,<,3.7,,10,<,3.7,<,3.7,<,3.7,<,3.7,<,3.7
STRVPAS2-50,9/19/2019,1100,<,8,<,8,<,8,<,20,<,20,<,4,<,8,<,4,<,4,<,4,<,4,<,4,<,4,<,4,<,4,<,4,<,4,<,4,<,4,<,4,<,4,<,4,<,4,<,4
STRVPAS2-51,9/24/2019,1100,<,8,<,8,<,8,<,20,<,20,n,1.3,<,8,<,4,<,4,<,4,<,4,<,4,<,4,<,4,<,4,<,4,<,4,<,4,n,2.4,<,4,<,4,<,4,<,4,<,4
STRVPAS2-52,7/22/2019,1200,<,8.3,<,8.3,<,8.3,<,21,<,21,n,2.8,n,4.5,<,4.2,<,4.2,<,4.2,<,4.2,<,4.2,n,1.7,n,1.2,<,4.2,<,4.2,<,4.2,n,3.7,n,2,<,4.2,n,2.6,<,4.2,<,4.2,<,4.2
STRVPAS2-53,7/23/2019,800,<,7.4,<,7.4,<,7.4,<,19,<,19,<,3.7,n,2.2,<,3.7,<,3.7,<,3.7,<,3.7,<,3.7,n,1.1,<,3.7,<,3.7,<,3.7,<,3.7,n,1.7,n,2.1,<,3.7,<,3.7,<,3.7,<,3.7,<,3.7
STRVPAS2-54,7/23/2019,1200,<,7.4,<,7.4,<,7.4,<,19,<,19,n,2.2,n,2.2,<,3.7,<,3.7,<,3.7,<,3.7,<,3.7,n,1.2,n,1.1,<,3.7,,4.4,<,3.7,n,1.6,n,1.7,<,3.7,n,1.6,<,3.7,<,3.7,<,3.7
STRVPAS2-55,7/24/2019,900,<,8,<,8,<,8,<,20,<,20,n,2.5,n,2.5,<,4,<,4,<,4,<,4,n,1.4,n,2.7,n,2.3,<,4,<,4,<,4,,5.9,,5,<,4,n,3.2,<,4,<,4,<,4
STRVPAS2-56,7/29/2019,1200,<,8.3,<,8.3,<,8.3,<,21,<,21,<,4.2,<,8.3,<,4.2,<,4.2,<,4.2,<,4.2,<,4.2,<,4.2,<,4.2,<,4.2,<,4.2,<,4.2,<,4.2,<,4.2,<,4.2,<,4.2,<,4.2,<,4.2,<,4.2
STRVPAS2-57,7/30/2019,900,<,8.3,<,8.3,<,8.3,<,21,<,21,<,4.2,n,2.3,<,4.2,<,4.2,<,4.2,<,4.2,<,4.2,<,4.2,<,4.2,<,4.2,<,4.2,<,4.2,<,4.2,n,1.4,<,4.2,<,4.2,<,4.2,<,4.2,<,4.2
STRVPAS2-58,7/30/2019,1200,<,9.1,<,9.1,<,9.1,<,23,<,23,<,4.5,<,9.1,<,4.5,<,4.5,<,4.5,<,4.5,<,4.5,<,4.5,<,4.5,<,4.5,<,4.5,<,4.5,<,4.5,<,4.5,<,4.5,<,4.5,<,4.5,<,4.5,<,4.5
STRVPAS2-59,7/31/2019,900,<,9.5,<,9.5,<,9.5,<,24,<,24,<,4.8,<,9.5,<,4.8,<,4.8,<,4.8,<,4.8,<,4.8,<,4.8,<,4.8,<,4.8,<,4.8,<,4.8,<,4.8,<,4.8,<,4.8,<,4.8,<,4.8,<,4.8,<,4.8
SURFPAS1-01,10/28/2019,1000,<,7.4,<,7.4,<,7.4,<,19,<,19,<,3.7,<,7.4,<,3.7,<,3.7,<,3.7,<,3.7,<,3.7,<,3.7,<,3.7,<,3.7,<,3.7,<,3.7,<,3.7,<,3.7,<,3.7,<,3.7,<,3.7,<,3.7,<,3.7
SURFPAS1-02,10/28/2019,1800,<,7.4,<,7.4,<,7.4,<,19,<,19,,8.2,,5.6,<,3.7,<,3.7,<,3.7,<,3.7,,5.3,,7.2,,8.1,<,3.7,,1.7,<,3.7,,31,,14,,1.2,,9.9,<,3.7,<,3.7,<,3.7
SURFPAS1-03,10/28/2019,1400,<,7.4,<,7.4,<,7.4,<,19,<,19,,2.2,,3,<,3.7,<,3.7,<,3.7,<,3.7,<,3.7,<,3.7,,1,<,3.7,<,3.7,<,3.7,,1.5,,1.2,<,3.7,,1.4,<,3.7,<,3.7,<,3.7
SURFPAS1-04,10/29/2019,1000,<,7.4,<,7.4,<,7.4,<,19,<,19,<,3.7,<,7.4,<,3.7,<,3.7,<,3.7,<,3.7,<,3.7,,2.3,<,3.7,<,3.7,<,3.7,<,3.7,,10,,3.5,<,3.7,<,3.7,<,3.7,<,3.7,<,3.7
SURFPAS1-05,10/29/2019,1700,<,7.4,<,7.4,<,7.4,<,19,<,19,,5.9,,4.8,<,3.7,<,3.7,<,3.7,<,3.7,,1.5,,1.4,,2.2,<,3.7,<,3.7,<,3.7,,17,,3.7,<,3.7,,2.2,<,3.7,<,3.7,<,3.7
SURFPAS1-06,10/29/2019,1400,<,7.4,<,7.4,<,7.4,<,19,<,19,,1.1,,4.2,<,3.7,<,3.7,<,3.7,<,3.7,,1.1,,1.6,,1.2,<,3.7,<,3.7,<,3.7,,12,,2.6,<,3.7,<,3.7,<,3.7,<,3.7,<,3.7
SURFPAS1-07,10/30/2019,1500,<,7.4,<,7.4,<,7.4,<,19,<,19,<,3.7,,9.4,<,3.7,<,3.7,<,3.7,<,3.7,<,3.7,,1,<,3.7,<,3.7,<,3.7,<,3.7,,2.3,,1.8,<,3.7,<,3.7,<,3.7,<,3.7,<,3.7
SURFPAS1-08,10/31/2019,1600,<,7.4,<,7.4,<,7.4,<,19,<,19,<,3.7,,2.5,<,3.7,<,3.7,<,3.7,<,3.7,<,3.7,,1.1,,1.3,<,3.7,<,3.7,<,3.7,<,3.7,,1.2,<,3.7,<,3.7,<,3.7,<,3.7,<,3.7
SURFPAS1-09,10/31/2019,1000,<,7.4,<,7.4,<,7.4,<,19,<,19,<,3.7,,4.4,<,3.7,<,3.7,<,3.7,<,3.7,,1,,1.2,,1.9,<,3.7,<,3.7,<,3.7,,3.9,,2.3,<,3.7,,2.3,<,3.7,<,3.7,<,3.7
SURFPAS1-10,10/30/2019,1000,<,7.4,<,7.4,<,7.4,<,19,<,19,,4.9,,7,<,3.7,<,3.7,<,3.7,<,3.7,,3.5,,9.1,,5.2,<,3.7,,1,<,3.7,,32,,8.4,,1,,6.3,<,3.7,<,3.7,<,3.7
SURFPAS1-11,11/12/2019,1100,<,7.4,<,7.4,<,7.4,<,19,<,19,,3.2,<,7,<,3.7,<,3.7,<,3.7,<,3.7,,2.9,,4,,3.8,<,3.7,<,3.7,<,3.7,,22,,5.6,<,3.7,,4.3,<,3.7,<,3.7,<,3.7
SURFPAS1-12,11/12/2019,1400,<,7.4,<,7.4,<,7.4,<,19,<,19,,2,<,4,<,3.7,<,3.7,<,3.7,,2.4,,1.5,,7.7,<,3.7,<,3.7,<,3.7,<,3.7,,90,,11,,2.4,<,3.7,<,3.7,<,3.7,<,3.7
SURFPAS1-13,11/13/2019,1100,<,7.4,<,7.4,<,7.4,<,19,<,19,,2,<,7.1,<,3.7,<,3.7,<,3.7,<,3.7,,2,,4.6,,2.4,<,3.7,<,3.7,<,3.7,,25,,6,<,3.7,,2.6,<,3.7,<,3.7,<,3.7
SURFPAS1-14,11/11/2019,1200,<,7.4,<,7.4,<,7.4,<,19,<,19,,11,<,15,<,3.7,<,3.7,<,3.7,<,3.7,,6,,13,,11,<,3.7,,5.2,<,3.7,,48,,13,,1,,13,<,3.7,<,3.7,<,3.7
SURFPAS1-15,11/11/2019,900,<,8,<,8,<,8,<,20,<,20,,2.8,<,7.5,<,4,<,4,<,4,<,4,,1.8,,4.2,,2.4,<,4,<,4,<,4,,53,,5.1,<,4,,2.9,<,4,<,4,<,4
SURFPAS1-16,11/14/2019,1600,<,7.4,<,7.4,<,7.4,<,19,<,19,,1.9,<,7.9,<,3.7,<,3.7,<,3.7,<,3.7,,2.9,,5.5,,4.5,<,3.7,<,3.7,<,3.7,,15,,5.4,<,3.7,,5.2,<,3.7,<,3.7,<,3.7
SURFPAS1-17,11/19/2019,1300,<,7.4,<,7.4,<,7.4,<,19,<,19,,5.6,,6.1,<,3.7,<,3.7,<,3.7,<,3.7,,4.2,,5.5,,6.2,<,3.7,,1.5,<,3.7,,24,,9.5,<,3.7,,8,<,3.7,<,3.7,<,3.7
SURFPAS1-18,11/19/2019,900,<,7.4,<,7.4,<,7.4,<,19,<,19,,9.4,,5.3,<,3.7,<,3.7,<,3.7,<,3.7,,3.4,,5.2,,6.9,<,3.7,,1.7,<,3.7,,10,,8.8,<,3.7,,11,<,3.7,<,3.7,<,3.7
SURFPAS1-19,11/20/2019,900,<,7.4,<,7.4,<,7.4,<,19,<,19,,1.3,,2.2,<,3.7,<,3.7,<,3.7,<,3.7,,1.9,,2.4,,2.1,<,3.7,<,3.7,<,3.7,,3.6,,3.3,<,3.7,,2.4,<,3.7,<,3.7,<,3.7
SURFPAS1-20,12/3/2019,1400,<,8,<,8,<,8,<,20,<,20,<,4,<,8,<,4,<,4,<,4,<,4,<,4,<,4,<,4,<,4,<,4,<,4,<,4,<,4,<,4,<,4,<,4,<,4,<,4
SURFPAS1-21,12/3/2019,1000,<,7.7,<,7.7,<,7.7,<,19,<,19,<,3.8,<,7.7,<,3.8,<,3.8,<,3.8,<,3.8,<,3.8,<,3.8,<,3.8,<,3.8,<,3.8,<,3.8,<,3.8,<,3.8,<,3.8,<,3.8,<,3.8,<,3.8,<,3.8
SURFPAS1-22,11/20/2019,1200,<,7.4,<,7.4,<,7.4,<,19,<,19,,20,,5.3,<,3.7,<,3.7,<,3.7,,1.8,,8.4,,16,,9.7,<,3.7,,1.7,<,3.7,,48,,19,,2.2,,10,<,3.7,<,3.7,<,3.7
SURFPAS1-23,11/20/2019,1500,<,7.4,<,7.4,<,7.4,<,19,<,19,,1.8,<,7.4,<,3.7,<,3.7,<,3.7,<,3.7,,1.5,<,3.7,,2.6,<,3.7,,3.5,<,3.7,,4.5,,3.4,<,3.7,,4.6,<,3.7,<,3.7,<,3.7
SURFPAS1-24,11/21/2019,1400,<,7.4,<,7.4,<,7.4,<,19,<,19,<,3.7,,3.2,<,3.7,<,3.7,<,3.7,<,3.7,,3.3,,5.4,,4.7,<,3.7,<,3.7,<,3.7,,10,,7.1,<,3.7,,6,<,3.7,<,3.7,<,3.7
SURFPAS1-25,11/21/2019,900,<,7.4,<,7.4,<,7.4,<,19,<,19,<,3.7,,5.4,<,3.7,<,3.7,<,3.7,<,3.7,,2.6,,2.3,,4.6,<,3.7,<,3.7,<,3.7,,5.9,,6,<,3.7,,5.2,<,3.7,<,3.7,<,3.7
SURFPAS1-26,12/4/2019,1300,<,8,<,8,<,8,<,20,<,20,,7.6,,9.3,<,4,<,4,<,4,<,4,,4.5,,4.6,,4.5,<,4,<,4,<,4,,15,,8.1,<,4,,5,<,4,<,4,<,4
SURFPAS1-27,12/5/2019,900,<,8,n,4.1,<,8,<,20,<,20,,5.1,n,5.7,<,4,<,4,<,4,n,1.8,n,3.8,,27,,7.1,<,4,n,2.4,<,4,,72,,4.4,,5.5,,7.1,<,4,<,4,<,4
SURFPAS1-28,12/5/2019,1400,<,8,<,8,<,8,<,20,<,20,<,4,<,8,<,4,<,4,<,4,<,4,<,4,<,4,<,4,<,4,<,4,<,4,<,4,<,4,<,4,<,4,<,4,<,4,<,4
SURFPAS1-29,11/18/2019,1000,<,7.4,<,7.4,<,7.4,<,19,<,19,<,3.7,<,7.4,<,3.7,<,3.7,<,3.7,<,3.7,<,3.7,<,3.7,<,3.7,<,3.7,<,3.7,<,3.7,<,3.7,<,3.7,<,3.7,<,3.7,<,3.7,<,3.7,<,3.7
SURFPAS1-30,11/18/2019,1300,<,7.4,<,7.4,<,7.4,<,19,<,19,,1.1,<,7.4,<,3.7,<,3.7,<,3.7,<,3.7,,1.2,,5.5,,1.9,<,3.7,<,3.7,<,3.7,<,3.7,,2.5,<,3.7,,2.3,<,3.7,<,3.7,<,3.7
SURFPAS1-31,11/19/2019,900,<,8,<,8,<,8,<,20,<,20,,3.2,,4.3,<,4,<,4,<,4,,1.2,,3.8,,9.6,,5,<,4,<,4,<,4,,22,,7.5,,1,,7.1,<,4,<,4,<,4
SURFPAS1-32,11/19/2019,1300,<,8,<,8,<,8,<,20,<,20,,2.1,,2.4,<,4,<,4,<,4,<,4,,1.2,,2.1,,1.7,<,4,<,4,<,4,,6.6,,2.9,<,4,,2.3,<,4,<,4,<,4
SURFPAS1-33,11/21/2019,900,<,7.4,<,7.4,<,7.4,<,19,<,19,<,3.7,<,7.4,<,3.7,<,3.7,<,3.7,<,3.7,<,3.7,,4,,1,<,3.7,<,3.7,<,3.7,,3.5,<,3.7,<,3.7,<,3.7,<,3.7,<,3.7,<,3.7
SURFPAS1-34,11/20/2019,900,<,8,<,8,<,8,<,20,<,20,<,4,<,8,<,4,<,4,<,4,<,4,<,4,<,4,,1.1,<,4,<,4,<,20,<,4,<,4,<,4,<,4,<,20,<,20,<,4
SURFPAS1-35,11/20/2019,1300,<,8,<,8,<,8,<,20,<,20,<,4,<,8,<,4,<,4,<,4,<,4,<,4,<,4,<,4,<,4,<,4,<,4,<,4,<,4,<,4,<,4,<,20,<,20,<,4
SURFPAS1-36,11/21/2019,1400,<,7.4,<,7.4,<,7.4,<,19,<,19,<,3.7,<,7.4,<,3.7,<,3.7,<,3.7,<,3.7,<,3.7,<,3.7,<,3.7,<,3.7,<,3.7,<,3.7,<,3.7,<,3.7,<,3.7,<,3.7,<,3.7,<,3.7,<,3.7
SURFPAS1-37,9/24/2019,1400,<,8.7,<,8.7,<,8.7,<,22,<,22,<,4.3,<,8.7,<,4.3,<,4.3,<,4.3,<,4.3,<,4.3,<,4.3,<,4.3,<,4.3,<,4.3,<,4.3,<,4.3,<,4.3,<,4.3,<,4.3,<,4.3,<,4.3,<,4.3
SURFPAS1-38,9/25/2019,1330,<,8,<,8,<,8,<,20,<,20,<,4,<,8,<,4,<,4,<,4,<,4,<,4,<,4,<,4,<,4,<,4,<,4,<,4,<,4,<,4,<,4,<,4,<,4,<,4
SURFPAS1-39,9/25/2019,1000,<,8,<,8,<,8,<,20,<,20,<,4,<,8,<,4,<,4,<,4,<,4,<,4,<,4,<,4,<,4,<,4,<,4,<,4,<,4,<,4,<,4,<,4,<,4,<,4
SURFPAS1-40,9/26/2019,930,<,8,<,8,<,8,<,20,<,20,<,4,<,8,<,4,<,4,<,4,<,4,<,4,<,4,<,4,<,4,<,4,<,4,<,4,<,4,<,4,<,4,<,4,<,4,<,4
SURFPAS1-41,9/18/2019,1300,<,8,<,8,<,8,<,20,<,20,<,4,<,8,<,4,<,4,<,4,<,4,<,4,<,4,<,4,<,4,<,4,<,4,<,4,<,4,<,4,<,4,<,4,<,4,<,4
SURFPAS1-42,11/14/2019,1300,<,8,<,8,<,8,<,20,<,20,<,4,<,8,<,4,<,4,<,4,<,4,<,4,<,4,<,4,<,4,<,4,<,4,<,4,<,4,<,4,<,4,<,4,<,4,<,4
SURFPAS1-43,8/28/2019,1300,<,8,<,8,<,8,<,20,<,20,<,4,<,8,<,4,<,4,<,4,<,4,<,4,<,4,<,4,<,4,<,4,<,4,<,4,<,4,<,4,<,4,<,4,<,4,<,4
SURFPAS1-44,8/27/2019,1300,<,7.4,<,7.4,<,7.4,<,19,<,19,<,3.7,<,7.4,<,3.7,<,3.7,<,3.7,<,3.7,<,3.7,<,3.7,<,3.7,<,3.7,<,3.7,<,3.7,<,3.7,<,3.7,<,3.7,<,3.7,<,3.7,<,3.7,<,3.7
SURFPAS1-45,9/17/2019,1300,<,7.4,<,7.4,<,7.4,<,19,<,19,<,3.7,<,7.4,<,3.7,<,3.7,<,3.7,<,3.7,<,3.7,<,3.7,<,3.7,<,3.7,<,3.7,<,3.7,<,3.7,<,3.7,<,3.7,<,3.7,<,3.7,<,3.7,<,3.7
SURFPAS1-U01,10/30/2019,1700,<,7.4,<,7.4,<,7.4,<,19,<,19,,1.3,,8.6,<,3.7,<,3.7,<,3.7,<,3.7,,1.2,,2,,1.1,<,3.7,<,3.7,<,3.7,,16,,3.5,<,3.7,,1.9,<,3.7,<,3.7,<,3.7
SURFPAS1-U02,10/31/2019,1400,<,7.4,<,7.4,<,7.4,<,19,<,19,,1.8,,3.2,<,3.7,<,3.7,<,3.7,<,3.7,<,3.7,,1.3,,1.8,<,3.7,<,3.7,<,3.7,<,3.7,,2.2,<,3.7,,1.8,<,3.7,<,3.7,<,3.7
SURFPAS1-U03,11/12/2019,900,<,7.4,<,7.4,<,7.4,<,19,<,19,,1.8,<,5.1,<,3.7,<,3.7,<,3.7,<,3.7,,2,,4.5,,2.7,<,3.7,<,3.7,<,3.7,,23,,4.4,<,3.7,,3.1,<,3.7,<,3.7,<,3.7
SURFPAS1-U04,11/13/2019,1400,<,7.4,<,7.4,<,7.4,<,19,<,19,,8.3,<,14,<,3.7,<,3.7,<,3.7,<,3.7,,5.1,,7.6,,8.1,<,3.7,,1.8,<,3.7,,26,,9,<,3.7,,9.5,<,3.7,<,3.7,<,3.7
SURFPAS1-U05,11/13/2019,900,<,7.4,<,7.4,<,7.4,<,19,<,19,,7.3,<,6.9,<,3.7,<,3.7,<,3.7,<,3.7,,2.7,,6.2,,3.8,<,3.7,,2.4,<,3.7,,27,,7.3,<,3.7,,4.2,<,3.7,<,3.7,<,3.7
SURFPAS1-U06,11/14/2019,1000,<,7.4,<,7.4,<,7.4,<,19,<,19,,11,<,10,<,3.7,<,3.7,<,3.7,<,3.7,,4.2,,9.5,,5.4,<,3.7,,1.5,<,3.7,,36,,9.9,,0.9,,7.1,<,3.7,<,3.7,<,3.7
SURFPAS1-U07,11/11/2019,1500,<,7.4,<,7.4,<,7.4,<,19,<,19,,0.9,<,4.7,<,3.7,<,3.7,<,3.7,<,3.7,<,3.7,,5.5,,1.7,<,3.7,<,3.7,<,3.7,,13,,2.6,<,3.7,<,3.7,<,3.7,<,3.7,<,3.7
SURFPAS1-U08,11/18/2019,1000,<,7.4,<,7.4,<,7.4,<,19,<,19,,4.3,,4.3,<,3.7,<,3.7,<,3.7,<,3.7,,3.2,,5.1,,5.1,<,3.7,,2.6,<,3.7,,15,,6.7,<,3.7,,6.6,<,3.7,<,3.7,<,3.7
SURFPAS1-U09,11/14/2019,1300,<,7.4,<,7.4,<,7.4,<,19,<,19,,2.6,<,6,<,3.7,<,3.7,<,3.7,<,3.7,,1.7,,1.4,,2.9,<,3.7,<,3.7,<,3.7,,4.5,,3.6,<,3.7,,4,<,3.7,<,3.7,<,3.7
SURFPAS1-U10,11/18/2019,1300,<,7.4,<,7.4,<,7.4,<,19,<,19,,3.4,,2.3,<,3.7,<,3.7,<,3.7,,1.9,,2.4,,24,,4.5,<,3.7,,2.1,<,3.7,,71,,5.3,,3.3,,3,<,3.7,<,3.7,<,3.7
SURFPAS1-U11,12/2/2019,1400,<,7.7,<,7.7,<,7.7,<,19,<,19,<,3.8,<,7.7,<,3.8,<,3.8,<,3.8,<,3.8,<,3.8,<,3.8,<,3.8,<,3.8,<,3.8,<,3.8,<,3.8,<,3.8,<,3.8,<,3.8,<,3.8,<,3.8,<,3.8
SURFPAS1-U12,11/21/2019,1200,<,7.4,<,7.4,<,7.4,<,19,<,19,,1.4,<,7.4,<,3.7,<,3.7,<,3.7,<,3.7,,2.1,,6,,2.9,<,3.7,<,3.7,<,3.7,,4.8,,4.6,<,3.7,,3.2,<,3.7,<,3.7,<,3.7
SURFPAS1-U13,12/4/2019,900,<,8,<,8,<,8,<,20,<,20,,19,n,6.3,<,4,<,4,<,4,<,4,,6.8,,11,,8.9,<,4,<,4,<,4,,16,,11,n,1,,8.7,<,4,<,4,<,4
SURFPAS1-U14,9/24/2019,1000,<,8,<,8,<,8,<,20,<,20,<,4,<,8,<,4,<,4,<,4,<,4,<,4,<,4,<,4,<,4,<,4,<,4,n,2.6,<,4,<,4,<,4,<,4,<,4,<,4
